NAME,PARTY,Q6_1,Q6_2,Q6_3,Q6_4,Q6_5,Q6_6,Q6_7,Q6_8,Q6_9,Q6_10,Q6_11,Q6_12,Q6_13,Q6_14,Q6_15,Q6_16,Q6_17,Q7_1,Q7_2,Q7_3,Q7_4,Q7_5,Q7_6,Q7_7,Q7_8,Q7_9,Q7_10,Q8,Q9,Q10,Q11,Q12,Q13
船橋＝利実,1,2,3,3,3,3,2,2,2,2,2,3,4,3,3,2,3,3,3,2,3,3,3,4,4,4,3,3,2,2,2,4,2,2
横路＝孝弘,2,5,5,4,5,5,3,4,2,5,5,5,1,3,5,5,1,3,3,5,2,1,4,1,4,4,2,4,5,5,5,5,5,3
野呂田＝博之,6,5,5,5,5,3,2,3,5,5,5,5,1,3,5,5,1,1,5,4,1,2,4,1,5,4,1,4,5,5,5,5,5,4
吉川＝貴盛,1,1,3,3,3,3,1,2,2,2,1,6,5,5,1,1,5,3,3,3,3,3,1,4,3,4,3,3,1,1,1,4,2,2
松木＝謙公,3,3,2,3,4,2,3,3,3,2,1,4,3,3,3,5,6,2,1,3,4,2,3,2,5,4,1,1,1,4,5,5,5,3
金倉＝昌俊,6,5,5,5,5,5,1,3,5,5,5,5,1,3,5,5,1,2,4,5,1,2,5,1,5,5,1,5,5,5,5,5,5,4
高木＝宏寿,1,1,3,2,2,4,1,2,2,2,2,3,5,3,1,1,5,2,3,3,2,3,2,3,2,2,4,2,1,1,1,2,3,2
荒井＝聰,2,4,5,4,5,4,3,4,2,4,5,4,1,3,3,2,1,3,2,4,3,2,5,3,4,5,2,3,2,5,5,4,4,2
小和田＝康文,3,2,3,3,4,2,3,3,4,2,1,4,3,3,3,5,3,2,2,4,4,2,4,2,5,4,1,1,1,4,5,5,5,3
吉岡＝弘子,6,5,5,5,5,5,4,5,5,5,5,5,1,2,5,5,1,3,5,5,5,4,3,1,5,5,1,5,5,5,5,5,5,4
中村＝裕之,1,1,1,2,3,4,2,2,2,3,2,2,5,3,2,2,5,3,1,1,1,2,3,5,3,2,2,2,1,1,1,3,4,2
鉢呂＝吉雄,2,5,5,4,5,5,3,4,3,5,3,5,1,3,5,4,1,3,3,5,2,1,5,2,5,4,2,4,5,5,5,5,5,3
酒井＝隆裕,6,5,5,4,5,5,2,3,5,4,5,5,1,3,4,5,1,6,5,4,1,2,4,1,5,5,2,5,5,5,5,5,5,4
町村＝信孝,1,1,1,2,1,3,2,2,1,2,4,1,5,3,1,1,1,1,1,2,4,2,4,4,4,5,2,4,1,1,1,2,2,2
勝部＝賢志,2,4,4,4,5,4,3,4,3,4,4,4,2,3,4,3,2,2,3,4,2,2,4,2,4,4,2,4,5,5,5,4,4,3
鈴木＝龍次,6,5,5,5,5,5,2,2,5,4,5,5,1,3,4,5,1,3,5,5,2,3,5,1,5,4,5,5,5,5,5,5,5,4
今津＝寛,1,1,3,3,6,3,1,2,2,2,1,6,5,5,1,1,5,3,2,3,3,3,1,4,3,4,4,3,1,1,1,4,2,2
佐々木＝隆博,2,5,5,5,5,4,3,3,3,3,4,5,2,3,4,4,2,2,4,5,2,2,3,2,4,4,1,4,5,5,5,4,5,2
荻生＝和敏,6,5,5,4,5,5,2,3,5,5,5,5,1,3,4,5,1,3,5,4,1,2,4,1,5,5,3,5,5,5,5,5,5,4
伊東＝良孝,1,2,2,2,3,4,2,2,2,3,2,2,4,2,2,2,2,3,2,3,2,2,2,3,4,3,2,3,2,2,2,2,1,2
鈴木＝貴子,2,3,5,3,5,2,2,2,2,3,2,4,4,3,3,5,3,3,3,3,2,2,4,1,2,4,1,4,2,5,5,5,4,3
石川＝明美,6,5,5,5,5,5,3,3,5,5,5,5,1,3,5,5,1,4,5,5,1,1,4,1,5,5,1,5,5,5,5,5,5,4
前田＝一男,1,1,3,3,1,3,2,2,5,3,3,2,4,4,1,2,4,3,2,3,2,3,2,3,2,3,3,3,2,2,2,2,2,4
逢坂＝誠二,2,2,3,3,5,4,3,3,3,5,5,5,4,4,3,5,2,3,3,3,3,2,3,2,4,4,3,3,3,5,5,4,3,3
原田＝有康,6,5,5,4,5,5,2,3,5,4,5,5,1,3,4,5,1,6,5,4,1,2,4,1,5,5,2,5,5,5,5,5,5,4
堀井＝学,1,1,5,3,1,5,1,1,2,1,1,3,5,3,1,1,5,3,3,3,3,3,1,5,3,3,3,3,1,1,1,4,2,2
山岡＝達丸,2,3,5,3,5,4,3,3,2,4,5,5,4,3,5,2,2,2,4,4,4,2,4,2,4,4,2,4,4,5,5,5,5,3
工藤＝良一,6,5,5,5,5,4,1,1,5,5,5,5,2,3,5,5,1,4,4,4,2,3,3,1,5,5,1,4,5,5,5,5,5,4
神谷＝裕,2,5,3,3,4,4,2,2,3,2,5,3,2,2,3,3,1,2,4,3,2,2,4,2,4,4,2,3,2,5,4,5,4,5
稲津＝久,4,3,5,3,5,4,2,2,3,3,4,4,2,3,2,2,2,2,3,3,2,2,4,3,4,3,2,2,2,2,2,3,2,2
木村＝賢治,6,5,5,4,5,5,2,3,5,4,5,5,1,3,4,5,1,6,5,4,1,2,4,1,5,5,6,5,5,5,5,5,5,4
中川＝郁子,1,1,3,3,2,3,3,3,3,2,1,2,5,5,2,2,5,2,3,3,3,3,3,4,3,3,3,3,6,1,1,4,1,2
三津＝丈夫,2,5,5,4,5,5,3,4,5,5,5,5,1,3,5,5,1,3,5,5,2,3,3,1,5,5,5,5,5,5,5,5,5,4
畑中＝庸助,6,5,5,5,5,5,2,3,5,5,5,5,1,3,4,5,1,2,5,5,1,3,5,1,4,4,1,5,5,5,5,5,5,4
武部＝新,1,1,2,2,2,3,1,1,3,2,1,2,5,2,1,1,5,2,2,3,3,3,2,4,4,3,2,3,1,1,1,2,2,2
水上＝美華,2,3,3,3,5,4,3,4,3,3,4,4,2,3,4,4,2,2,3,3,3,3,5,3,5,5,1,3,3,5,5,5,5,2
菅原＝誠,6,4,4,4,5,4,3,4,5,5,5,4,2,4,4,5,2,3,5,4,2,2,3,1,4,4,2,4,5,5,5,4,4,4
津島＝淳,1,4,5,2,3,5,2,2,2,2,2,2,4,4,1,1,4,1,4,4,2,1,4,5,5,4,2,4,1,2,2,4,4,2
升田＝世喜男,3,2,3,2,2,3,3,3,2,3,1,3,4,3,2,2,4,4,2,5,3,2,2,3,5,3,2,3,2,3,2,5,4,3
吉俣＝洋,6,5,5,5,5,5,4,3,5,5,5,5,1,4,5,5,1,2,5,5,1,3,3,1,5,5,2,4,5,5,5,5,5,4
江渡＝聡徳,1,1,3,3,3,4,6,2,2,2,2,2,5,4,1,1,5,3,1,3,3,3,1,5,3,4,3,3,1,1,1,4,2,2
中野渡＝詔子,3,1,3,3,3,3,3,3,3,3,2,3,4,3,3,3,2,3,4,3,2,3,4,3,3,4,3,3,3,5,5,5,5,3
小笠原＝良子,6,5,5,5,5,5,4,3,5,5,5,5,1,4,5,5,1,2,5,5,1,3,3,1,5,5,2,4,5,5,5,5,5,4
大島＝理森,1,1,3,3,2,3,1,2,2,2,1,3,5,5,1,1,5,3,3,3,3,3,1,4,3,4,3,3,1,1,1,4,2,2
田名部＝匡代,2,2,3,2,4,4,3,3,2,3,4,4,3,3,1,2,1,2,2,5,2,1,5,4,3,4,1,3,2,4,5,5,5,5
松橋＝三夫,6,5,5,5,5,5,3,3,5,5,5,5,1,4,5,5,1,3,3,3,2,3,4,1,5,3,1,5,5,5,5,5,5,4
木村＝太郎,1,1,3,3,2,3,2,2,2,2,2,3,5,3,1,1,5,3,3,3,3,3,2,3,3,4,3,3,1,1,1,3,2,2
山内＝崇,2,2,4,2,5,4,2,2,3,2,2,5,2,3,2,2,2,2,2,4,4,2,4,4,4,4,1,4,4,4,5,4,4,3
千葉＝浩規,6,5,5,5,5,5,4,3,5,5,5,5,1,4,5,5,1,2,5,5,1,3,3,1,5,5,2,4,5,5,5,5,5,4
高橋＝比奈子,1,3,3,3,2,4,2,3,2,2,3,3,3,3,2,3,4,1,3,3,3,3,3,3,3,3,1,2,1,1,2,2,2,2
階＝猛,2,3,4,3,5,4,3,4,2,4,5,4,3,3,3,3,2,2,3,4,3,2,4,3,4,4,2,4,4,5,5,4,5,5
吉田＝恭子,6,5,5,3,5,5,2,3,5,5,5,5,1,3,3,5,1,2,4,4,1,3,4,1,4,3,2,5,5,5,5,5,5,4
鈴木＝俊一,1,1,2,3,1,3,2,2,3,2,2,3,3,2,1,2,3,4,2,3,3,2,1,3,4,3,2,3,1,1,1,3,2,2
久保＝幸男,6,5,5,4,5,5,2,3,5,5,5,5,1,3,2,5,2,2,4,5,1,2,5,1,5,5,2,4,5,5,5,5,5,4
橋本＝英教,1,1,3,2,3,4,2,2,3,2,1,3,4,3,2,1,3,3,2,3,3,4,4,5,5,4,3,2,2,1,1,2,1,2
黄川田＝徹,2,4,5,3,4,4,3,3,2,4,4,4,2,3,3,3,3,3,3,4,2,3,3,3,4,3,4,3,2,5,5,4,3,2
菊池＝幸夫,6,5,5,5,5,5,2,1,5,5,5,5,1,4,4,5,1,2,5,5,1,3,5,1,5,5,4,5,5,5,5,5,5,4
藤原＝崇,1,1,6,2,2,4,2,2,6,4,2,5,5,2,2,2,5,5,2,6,6,6,3,6,6,4,5,2,1,2,2,6,6,2
高橋＝綱記,6,5,5,3,5,5,2,3,5,5,5,5,1,3,3,5,1,2,4,4,1,3,4,1,4,3,2,5,5,5,5,5,5,4
土井＝亨,1,2,4,3,2,2,2,1,2,2,3,3,5,3,1,2,2,3,3,3,3,2,3,3,2,3,3,3,1,2,2,4,3,2
郡＝和子,2,3,5,3,5,4,4,4,3,4,4,5,2,2,3,3,1,1,3,4,3,3,5,3,5,4,1,3,1,4,5,5,5,2
松井＝秀明,6,5,5,3,5,5,1,3,5,5,5,5,1,3,3,5,1,2,4,4,1,2,4,1,5,2,2,5,5,5,5,5,5,4
林＝宙紀,3,2,2,4,3,4,4,4,4,2,3,3,4,2,3,5,2,3,3,2,4,1,4,2,4,4,2,2,1,5,4,4,4,5
増元＝照明,5,1,1,1,1,3,2,4,2,1,2,3,5,5,1,3,4,4,2,3,3,3,1,4,3,4,3,2,1,2,1,3,4,5
秋葉＝賢也,1,1,3,3,3,3,2,2,3,2,2,2,5,3,2,2,4,3,2,2,2,3,3,5,4,4,3,2,1,2,1,3,2,2
大内＝真理,6,5,5,3,5,5,1,3,5,5,5,5,1,3,3,5,1,2,4,4,1,3,4,1,4,3,2,5,5,5,5,5,5,4
西村＝明宏,1,2,3,2,2,4,2,2,3,2,1,3,4,3,2,3,5,3,3,3,3,3,3,3,3,4,3,3,2,2,2,4,2,2
橋本＝清仁,2,2,3,3,5,4,3,4,3,3,3,4,3,3,3,4,2,2,3,3,3,3,5,2,5,5,1,3,3,5,5,5,5,2
吉田＝剛,6,5,5,5,5,5,1,2,5,5,5,5,2,3,4,5,1,2,5,4,2,3,5,1,5,3,2,5,5,5,5,5,5,4
伊藤＝信太郎,1,3,3,3,2,4,2,2,2,2,2,4,4,4,2,3,3,2,3,3,2,2,4,3,4,4,2,4,2,2,2,3,2,2
井戸＝正枝,2,3,5,3,5,5,2,4,3,4,5,5,2,5,5,4,1,1,3,4,3,1,5,2,4,3,4,3,4,5,5,5,5,3
小高＝洋,6,5,5,3,5,5,2,3,5,5,5,5,1,3,3,5,1,2,4,4,1,2,4,1,4,4,2,5,5,5,5,5,5,4
勝沼＝栄明,1,1,3,3,6,3,1,2,2,2,1,3,5,5,1,1,5,3,6,3,3,3,1,4,3,4,3,3,1,1,1,4,2,2
安住＝淳,2,2,3,2,4,4,3,4,3,4,3,3,3,2,3,3,2,2,2,3,3,2,3,4,4,5,1,2,2,4,4,4,4,1
高村＝直也,6,5,5,3,5,5,2,3,5,5,5,5,1,3,4,5,1,2,4,4,1,2,4,1,4,3,2,5,5,5,5,5,5,4
小野寺＝五典,1,1,3,3,3,3,2,2,2,2,3,5,5,5,1,2,3,2,2,3,3,3,3,4,3,4,2,3,1,1,1,4,2,2
鎌田＝さゆり,2,4,4,3,5,3,2,2,4,4,5,5,3,3,3,5,3,3,3,3,3,2,5,2,4,4,2,4,5,5,5,4,4,4
内藤＝隆司,6,5,5,3,5,5,1,3,5,5,5,5,1,3,3,5,1,2,4,4,1,2,4,1,5,4,2,5,5,5,5,5,5,4
冨樫＝博之,1,1,3,3,2,3,1,2,2,2,1,1,5,5,1,1,5,2,1,3,3,3,2,4,3,4,3,3,1,1,1,4,2,2
寺田＝学,2,2,3,4,5,5,4,4,1,4,3,4,4,4,4,4,1,3,2,4,4,2,5,2,5,5,1,2,1,3,5,4,4,2
山内＝梅良,6,5,5,5,5,5,2,3,5,5,5,5,1,3,5,5,1,2,5,5,1,1,4,1,5,5,3,5,5,5,5,5,5,4
金田＝勝年,1,1,3,3,2,4,1,2,2,2,1,3,5,5,1,1,3,3,3,3,3,3,1,4,3,4,3,3,1,1,1,4,2,2
緑川＝貴士,2,4,5,4,3,4,4,3,2,5,5,2,2,4,2,5,3,3,4,4,2,3,2,2,4,5,1,2,3,4,4,4,4,2
藤本＝金治,6,5,5,5,5,3,3,5,5,5,5,5,1,2,5,5,1,1,5,5,1,2,3,1,5,5,5,5,5,5,5,5,5,4
御法川＝信英,1,2,3,3,3,4,2,2,2,3,3,3,4,3,2,3,3,4,2,2,3,2,3,3,3,3,4,4,1,2,2,3,2,2
村岡＝敏英,3,2,3,2,2,3,3,3,4,2,1,4,4,4,3,5,4,2,2,3,4,2,3,2,5,4,1,1,1,4,5,5,5,3
我妻＝桂子,6,5,5,3,5,5,1,3,5,5,5,5,2,3,4,5,1,2,5,5,1,2,4,1,5,4,2,5,5,5,5,5,5,4
遠藤＝利明,1,3,3,3,2,4,2,3,2,3,4,4,4,3,3,2,4,3,3,3,3,2,2,4,3,4,2,4,1,2,2,2,2,2
原田＝和広,2,3,3,5,4,4,3,2,3,3,3,3,4,3,2,4,3,3,2,4,2,2,2,3,2,4,3,3,3,5,5,5,5,2
石川＝渉,6,5,5,5,5,5,2,3,5,5,5,5,2,3,3,5,1,1,5,4,1,2,4,1,5,4,2,4,5,5,5,5,4,4
鈴木＝憲和,1,2,3,2,3,4,1,2,2,2,2,4,3,2,1,2,3,2,2,3,2,1,3,3,4,4,2,4,1,2,1,2,2,2
近藤＝洋介,2,3,3,3,4,3,3,2,3,4,5,3,3,3,4,2,3,3,3,3,4,3,4,3,4,3,3,2,2,5,5,5,5,5
白根沢＝澄子,6,5,5,5,5,5,4,4,5,5,5,4,1,4,4,5,1,2,5,5,1,1,4,1,5,5,3,5,5,5,5,5,5,4
加藤＝鮎子,1,4,5,4,4,3,1,2,1,2,5,4,4,2,1,5,4,2,3,4,4,3,2,1,4,4,2,2,1,2,4,3,2,2
吉田＝大成,2,4,4,4,5,3,4,4,4,5,3,4,3,3,3,4,2,2,3,4,3,2,5,3,5,4,1,1,2,4,5,4,4,2
長谷川＝剛,6,5,5,5,5,5,4,4,5,5,5,4,1,4,4,5,1,2,5,5,1,1,4,1,5,5,3,5,5,5,5,5,5,4
亀岡＝偉民,1,2,3,3,3,3,2,3,2,3,3,2,4,3,1,3,5,3,3,2,3,3,3,4,4,4,1,3,6,2,2,4,3,2
金子＝恵美,2,3,3,3,4,4,3,3,4,3,3,3,3,3,3,5,2,2,2,4,3,3,3,1,3,3,2,3,4,4,4,3,3,3
渡部＝保子,6,5,5,5,5,5,3,4,5,5,5,5,1,3,3,5,1,1,5,5,1,2,5,1,5,5,1,5,5,5,5,5,5,4
根本＝匠,1,1,3,3,1,3,1,2,3,2,4,3,5,5,1,1,5,3,3,3,2,3,2,4,3,3,4,3,1,1,1,4,2,2
岡部＝光規,2,4,3,3,3,2,2,2,2,2,4,3,3,3,2,2,2,2,1,4,2,3,2,4,1,4,1,3,2,3,4,4,4,1
平＝善彦,6,5,5,3,5,5,2,3,5,5,5,5,1,5,3,5,1,2,5,5,1,3,5,1,5,5,1,5,5,5,5,5,5,4
上杉＝謙太郎,1,3,3,3,3,3,2,2,1,1,2,3,3,2,2,2,2,3,2,3,2,3,3,3,3,3,2,2,1,1,1,2,2,2
玄葉＝光一郎,2,1,6,6,5,3,3,3,2,3,4,2,4,2,1,3,2,2,2,4,4,2,3,2,5,4,2,2,2,3,3,3,3,5
横田＝洋子,6,5,5,5,5,5,2,3,5,5,5,5,1,3,4,5,1,2,5,5,1,2,5,1,5,4,2,5,5,5,5,5,5,4
菅家＝一郎,1,3,3,3,3,3,2,2,3,2,3,3,4,3,2,3,3,2,4,3,2,3,2,2,4,4,1,3,2,2,2,4,3,3
小熊＝慎司,3,3,3,3,3,2,3,4,3,2,2,3,4,4,2,4,4,4,2,3,4,3,3,2,3,4,2,2,1,4,3,4,5,3
田中＝和加子,6,5,5,3,5,5,2,3,5,5,5,5,1,3,4,5,1,2,5,5,1,2,4,1,5,4,2,5,5,5,5,5,5,4
吉田＝泉,2,2,3,3,3,4,4,4,2,3,3,3,4,2,2,2,3,3,3,4,4,2,3,3,4,4,2,2,2,3,2,3,3,1
吉野＝正芳,1,4,4,2,3,4,3,2,4,3,5,5,5,5,2,3,3,4,1,5,1,2,3,2,4,4,4,2,2,2,2,4,2,1
吉田＝英策,6,5,5,5,5,5,2,3,5,5,5,5,1,3,4,5,1,2,5,4,1,3,4,1,5,3,2,5,5,5,5,5,5,4
田所＝嘉徳,1,2,3,3,6,4,2,2,3,3,3,3,5,5,1,6,5,3,3,3,2,3,1,6,3,4,3,3,1,2,1,3,2,2
福島＝伸享,2,2,2,2,3,4,4,3,4,2,2,4,3,4,3,2,4,4,5,3,3,3,3,4,4,4,2,2,1,4,3,4,4,5
大内＝久美子,6,5,5,4,5,5,3,4,5,5,5,5,1,3,3,5,1,3,5,5,1,2,5,1,5,5,1,5,5,5,5,5,5,4
額賀＝福志郎,1,2,3,2,4,4,4,2,2,2,2,2,4,2,1,2,2,4,1,2,4,3,2,4,3,4,2,2,1,1,2,2,2,2
川井＝宏子,6,5,5,4,5,5,3,4,5,5,5,5,1,3,3,5,1,3,5,5,1,2,5,1,5,5,1,5,5,5,5,5,5,4
葉梨＝康弘,1,2,2,3,2,3,2,3,2,3,3,3,5,2,2,2,4,2,2,2,4,2,2,3,4,4,3,2,1,2,2,2,2,2
石井＝章,3,2,3,2,4,2,3,3,2,2,1,4,3,4,3,5,3,2,1,3,4,2,3,2,5,4,1,1,1,4,5,5,5,3
小林＝恭子,6,5,5,5,5,5,4,5,5,5,5,5,1,3,5,5,1,3,5,5,1,2,2,1,5,5,1,5,5,5,5,5,4,4
梶山＝弘志,1,1,3,2,2,4,2,2,2,2,4,3,5,3,1,2,5,3,2,3,3,2,1,4,4,4,3,3,2,2,2,3,2,2
高野＝守,2,4,4,2,5,3,3,4,5,4,5,5,3,2,3,3,3,2,4,4,2,2,2,2,4,4,3,4,4,5,5,4,3,2
堀江＝鶴治,6,5,5,5,5,5,1,5,5,5,5,5,1,5,5,5,1,1,5,5,1,3,1,1,5,5,1,5,5,5,5,5,5,4
石川＝昭政,1,1,1,2,1,3,2,2,2,3,2,2,5,4,1,2,4,4,3,2,2,2,2,5,1,2,4,5,1,1,1,2,2,3
大畠＝章宏,2,3,3,3,5,5,2,3,2,3,5,4,2,3,2,3,3,1,2,4,3,2,3,3,5,5,1,5,2,5,5,4,4,3
福田＝明,6,5,5,5,5,5,3,4,5,5,5,5,1,3,3,5,1,3,5,5,1,2,5,1,5,5,1,5,6,5,5,5,5,4
丹羽＝雄哉,1,2,3,3,3,3,2,2,2,2,3,3,4,4,3,3,3,3,3,3,3,3,3,3,3,4,3,3,1,2,1,4,2,2
青山＝大人,2,2,4,4,3,6,2,2,4,3,4,4,3,3,2,3,2,3,2,4,3,2,3,3,3,2,2,4,2,3,3,4,4,2
井上＝圭一,6,5,5,5,5,5,3,4,5,5,5,5,1,3,3,5,1,3,5,5,1,2,4,1,5,5,1,5,5,5,5,4,4,4
永岡＝桂子,1,2,4,3,2,3,2,2,2,2,2,3,5,4,2,2,5,2,2,3,3,3,1,4,4,3,3,3,1,1,1,3,2,2
白畑＝勇,6,5,5,5,5,5,2,2,5,5,5,5,1,2,4,5,1,2,4,4,1,3,5,1,5,3,1,5,5,5,5,5,4,4
船田＝元,1,2,3,3,3,4,2,2,3,2,4,3,4,2,2,2,3,2,1,3,3,2,2,4,4,4,2,2,1,2,1,2,1,2
柏倉＝祐司,2,3,3,3,4,4,3,3,3,3,3,5,3,3,3,3,3,3,3,4,2,3,4,3,4,3,2,4,3,3,3,4,5,3
野村＝節子,6,5,5,3,5,5,2,3,5,5,5,5,1,3,3,5,1,2,4,4,1,3,4,1,5,4,2,5,5,5,5,5,5,4
西川＝公也,1,2,3,3,3,3,2,2,3,2,3,3,4,3,2,3,3,3,2,2,2,2,2,3,3,2,3,2,2,2,2,2,2,2
福田＝昭夫,2,3,3,3,5,5,3,1,4,5,5,5,5,2,2,5,1,1,3,5,2,3,2,1,5,2,2,3,2,5,5,5,5,5
阿部＝秀実,6,5,5,3,5,5,2,3,5,5,5,5,1,3,3,5,1,2,4,4,1,3,4,1,5,4,2,5,5,5,5,5,5,4
簗＝和生,1,1,5,2,2,3,2,2,4,2,4,3,5,3,1,1,5,2,1,3,3,2,2,4,3,3,1,1,1,2,2,4,2,5
秋山＝幸子,6,5,5,4,5,5,2,3,5,5,5,5,1,3,3,5,1,2,4,4,1,3,4,1,5,4,2,4,5,5,5,5,5,4
佐藤＝勉,1,1,3,3,3,3,1,1,3,2,2,2,5,5,2,1,5,3,3,3,3,3,2,4,3,4,3,3,1,1,1,4,2,2
藤岡＝隆雄,2,2,3,2,2,3,3,4,4,2,2,4,5,3,2,4,5,2,2,3,4,2,3,2,5,4,6,2,2,4,4,5,5,5
山崎＝寿彦,6,5,5,5,5,4,3,3,5,5,5,5,1,3,5,5,1,2,5,5,2,3,4,1,5,4,2,5,5,5,5,5,5,4
茂木＝敏充,1,1,3,3,3,3,2,2,2,2,2,3,5,4,1,1,3,3,2,3,4,3,2,4,3,4,3,3,1,1,1,3,2,2
川上＝均,6,5,5,3,5,5,2,3,5,5,5,5,1,3,4,5,1,2,5,4,1,2,4,1,5,4,2,5,5,5,5,5,5,4
佐田＝玄一郎,1,2,3,4,3,4,1,2,3,2,2,3,3,2,2,2,4,2,2,3,1,3,3,4,4,4,2,4,2,2,2,4,2,2
宮崎＝岳志,2,3,4,2,5,4,3,4,2,4,2,4,4,4,4,3,3,4,2,4,2,3,4,3,4,1,3,2,4,4,4,4,4,3
店橋＝世津子,6,5,5,4,5,5,2,3,5,5,5,5,1,3,4,5,1,2,4,5,1,3,4,1,5,4,2,5,5,5,5,5,4,4
井野＝俊郎,1,2,2,3,3,3,2,2,3,2,2,2,4,3,2,2,2,2,3,3,1,3,3,4,4,4,2,2,2,2,2,4,2,2
石関＝貴史,3,1,2,3,3,2,3,3,1,2,1,3,5,1,1,4,5,4,4,4,4,2,2,2,4,4,2,2,1,4,5,5,5,3
藤掛＝順恒,6,5,5,5,5,5,2,2,5,5,5,5,3,3,3,5,1,1,4,5,2,3,3,1,4,3,1,5,5,5,5,5,5,4
笹川＝博義,1,1,3,3,3,3,2,2,2,2,2,4,5,5,1,2,4,3,4,3,3,3,2,4,3,3,3,3,1,1,2,4,2,3
長谷川＝嘉一,2,3,3,3,4,3,3,3,3,2,5,5,4,4,1,5,5,2,3,3,3,2,2,2,2,4,3,2,4,5,4,5,4,4
渋沢＝哲男,6,5,5,3,5,5,1,3,5,5,5,5,1,3,3,5,1,2,4,4,1,2,4,1,5,4,2,5,5,5,5,5,5,4
福田＝達夫,1,3,4,3,4,3,3,2,1,2,3,3,4,3,2,2,3,2,2,6,6,6,3,4,4,5,4,3,1,2,2,2,2,2
萩原＝貞夫,6,5,5,4,5,5,2,3,5,5,5,5,1,3,5,5,1,3,4,5,1,2,5,1,5,3,2,5,5,5,5,5,5,4
小渕＝優子,1,2,3,3,3,3,1,2,2,2,1,3,4,3,1,1,3,3,2,3,3,3,3,4,3,4,4,3,2,1,2,4,2,2
糸井＝洋,6,5,5,3,5,5,2,3,5,5,5,5,2,3,3,5,1,2,4,5,1,2,4,1,5,3,2,5,5,5,5,5,5,4
村井＝英樹,1,2,3,3,3,3,3,2,2,2,2,3,4,3,2,2,3,2,2,3,4,3,3,3,3,4,3,2,2,3,2,4,4,2
武正＝公一,2,3,2,2,6,3,2,4,2,3,4,2,3,2,3,2,2,2,2,3,4,2,2,4,4,5,2,3,2,3,4,4,4,2
松村＝敏夫,6,5,5,5,5,5,1,3,5,5,5,5,1,3,5,5,1,1,5,3,2,3,3,1,5,3,2,5,5,5,5,5,5,4
新藤＝義孝,1,1,2,2,2,3,3,3,3,2,3,2,5,3,1,2,3,3,3,3,3,3,3,4,2,2,3,2,1,1,1,2,1,2
奥田＝智子,6,5,5,4,5,4,3,4,5,5,5,5,2,3,5,5,1,2,5,5,1,1,3,1,5,4,1,5,5,5,5,5,5,4
黄川田＝仁志,1,1,1,1,1,3,2,2,3,3,4,4,5,5,1,1,5,2,2,3,3,3,4,5,4,3,3,2,1,1,1,2,3,2
細川＝律夫,2,3,4,3,4,5,3,4,5,4,5,5,3,3,2,4,2,1,4,4,1,2,3,2,5,5,1,4,4,5,5,5,5,3
宮川＝雅之,6,5,5,3,5,5,1,3,5,5,5,5,1,3,3,5,1,2,4,5,1,3,4,1,4,3,2,5,5,5,5,5,5,4
豊田＝真由子,1,1,3,3,2,3,1,2,3,3,3,3,5,4,1,2,5,3,3,3,3,3,3,4,3,4,3,3,2,2,2,4,2,2
神風＝英男,2,1,2,2,3,3,3,2,2,2,3,3,4,2,2,3,3,2,2,4,4,2,3,3,5,4,2,2,2,3,3,4,5,2
桜井＝晴子,6,5,5,3,5,5,2,3,5,5,5,5,1,3,4,5,1,2,4,4,1,3,4,1,5,3,2,5,5,5,5,5,5,4
牧原＝秀樹,1,2,3,3,3,3,2,3,3,1,3,3,4,2,2,3,4,3,3,2,4,2,3,4,3,4,3,3,3,3,2,2,4,2
枝野＝幸男,2,2,5,1,4,4,5,4,2,4,5,4,3,4,3,3,1,2,3,4,4,2,5,2,5,5,1,4,3,5,5,5,5,3
山本＝悠子,6,5,5,5,5,5,4,5,5,5,5,5,1,4,5,5,1,3,5,5,1,3,5,1,5,5,1,5,5,5,5,5,5,4
中根＝一幸,1,2,3,4,3,4,2,2,2,3,2,4,5,2,1,2,4,2,4,2,3,3,2,5,5,3,3,2,2,1,2,2,2,2
大島＝敦,2,3,3,1,5,4,4,4,3,3,5,3,5,5,1,3,3,3,3,3,2,4,3,3,2,5,2,2,2,5,5,5,5,2
戸口＝佐一,6,5,5,5,5,5,3,1,5,5,5,5,2,4,5,5,1,2,5,5,1,3,5,1,5,4,2,5,5,5,5,5,5,4
神山＝佐市,1,2,3,3,3,3,1,2,3,2,3,2,5,2,1,1,3,3,3,3,3,3,3,4,3,3,3,3,1,2,2,2,2,2
小宮山＝泰子,2,2,3,2,5,4,2,2,3,3,3,3,5,4,3,5,2,3,3,4,3,2,4,2,4,2,2,4,2,5,5,5,5,4
根本＝千裕,5,2,2,2,3,2,3,3,5,2,2,2,5,4,1,4,4,4,1,2,4,1,2,3,4,4,4,3,1,2,2,2,2,3
長沼＝チネ,6,5,5,5,5,5,5,4,5,5,5,5,5,3,5,5,5,3,3,5,2,2,3,1,5,4,2,5,5,5,5,5,5,4
柴山＝昌彦,1,2,3,2,3,3,2,3,3,1,2,2,4,2,1,3,4,2,2,2,4,2,3,3,4,4,4,2,1,1,1,3,4,2
小野塚＝勝俊,2,3,3,2,4,4,4,4,3,2,4,4,4,3,3,4,2,2,2,3,3,3,4,3,4,4,2,3,2,4,4,5,5,2
辻＝源巳,6,5,5,3,5,5,2,3,5,5,5,5,1,3,4,5,1,2,4,5,1,2,4,1,5,3,2,5,5,5,5,5,5,4
大塚＝拓,1,1,3,3,1,3,1,2,1,1,2,3,5,6,1,1,6,2,3,3,4,3,3,4,3,3,6,3,1,1,1,4,2,2
青柳＝仁士,3,1,2,3,1,1,5,5,5,1,1,1,5,2,2,2,3,3,2,2,5,2,3,4,4,5,1,1,1,2,2,2,2,4
広森＝すみ子,6,5,5,5,5,5,3,3,5,5,5,5,1,3,5,5,1,1,5,5,1,2,4,1,5,5,1,4,5,5,5,5,5,4
山口＝泰明,1,2,3,2,1,3,1,2,3,1,3,3,3,3,1,2,3,3,2,3,2,3,2,5,3,3,3,3,2,3,1,3,2,2
坂本＝祐之輔,3,2,3,3,4,2,4,5,2,2,3,3,4,3,1,5,3,3,2,3,4,2,3,1,2,4,2,1,1,2,4,4,3,3
石井＝祐一,6,5,5,5,5,5,2,2,5,5,5,2,1,4,5,5,1,5,3,5,2,1,4,1,5,5,2,5,5,5,5,5,5,4
今野＝智博,1,1,3,3,2,3,1,2,2,2,1,3,5,3,1,1,5,3,2,3,3,3,2,4,3,4,4,3,1,1,1,4,2,2
柴岡＝祐真,6,5,5,3,5,5,2,3,5,5,5,5,1,3,3,5,1,2,4,4,1,2,4,1,4,3,2,5,5,5,5,5,5,4
野中＝厚,1,1,3,3,2,3,1,2,2,2,2,3,5,3,1,1,5,3,3,3,3,3,2,4,3,3,3,3,1,1,1,4,4,2
本多＝平直,2,3,3,3,4,4,2,3,3,3,4,3,2,3,3,3,1,3,2,4,3,2,4,2,4,5,5,3,4,5,5,5,5,2
森田＝俊和,5,2,4,4,4,4,2,3,2,2,3,3,4,4,3,2,4,2,2,4,2,2,2,3,2,4,3,4,2,4,4,4,4,2
鈴木＝千賀子,6,5,5,5,5,5,3,3,5,5,5,5,1,3,4,5,1,2,5,5,1,1,5,1,5,5,1,5,5,5,5,5,5,4
山内＝康一,2,3,5,4,5,3,4,4,2,3,4,4,5,3,4,5,1,1,3,4,5,2,4,1,5,4,1,3,4,4,5,4,4,2
中村＝匡志,5,1,1,1,1,3,3,3,2,1,3,3,5,3,1,3,5,5,3,2,5,3,1,5,2,5,5,1,1,1,1,4,4,2
土屋＝品子,1,1,3,3,4,3,2,2,2,2,4,3,5,4,1,1,2,3,2,3,3,2,3,4,3,4,3,3,1,1,1,4,2,2
秋山＝文和,6,5,5,3,5,5,1,3,5,5,5,5,1,3,4,5,1,2,4,4,1,2,4,1,4,3,2,5,5,5,5,5,5,4
三ツ林＝裕巳,1,1,2,1,2,4,1,1,3,2,2,4,5,3,1,1,5,5,1,2,1,2,2,5,2,2,2,2,1,1,1,2,1,2
鈴木＝義弘,3,2,3,2,4,2,3,4,2,2,3,4,4,3,2,5,3,3,2,3,4,2,6,2,5,5,2,1,1,4,5,5,5,3
苗村＝光雄,6,5,5,5,5,5,2,4,5,5,5,5,1,2,4,5,2,2,5,5,1,2,3,1,5,5,1,5,5,5,5,5,5,4
田中＝良生,1,1,3,3,2,3,1,2,2,1,3,3,5,5,1,1,5,3,2,3,3,3,1,4,3,3,3,3,1,1,1,4,2,2
高山＝智司,2,3,3,3,4,3,4,4,1,3,2,5,4,2,3,3,1,2,3,2,5,2,5,2,5,5,3,1,3,5,5,4,3,2
田村＝勉,6,5,5,3,5,5,2,3,5,5,5,5,5,3,4,5,1,2,4,4,1,2,5,1,5,4,2,5,5,5,5,5,5,4
門山＝宏哲,1,1,3,3,3,3,3,2,2,2,2,3,4,3,1,2,4,2,2,3,3,3,2,4,3,4,3,3,1,2,1,3,2,2
田嶋＝要,2,2,3,3,5,3,4,3,2,2,3,2,4,3,2,3,3,3,2,3,4,2,4,2,5,4,2,1,3,5,5,5,5,3
田沼＝隆志,5,1,1,1,1,2,3,2,2,1,1,2,5,5,1,2,5,4,3,2,4,3,1,4,1,4,3,2,1,1,1,4,3,4
吉田＝直義,6,5,5,5,5,5,3,3,5,5,5,5,1,3,5,5,1,1,5,5,1,3,5,1,5,5,1,5,5,5,5,5,5,4
小林＝鷹之,1,1,6,2,6,6,6,6,1,6,6,6,5,6,1,1,6,2,6,1,4,3,2,4,4,5,3,2,1,1,1,3,2,2
藤巻＝健太,3,2,3,3,3,2,4,5,3,2,2,3,3,4,1,4,3,4,2,2,4,3,4,3,4,5,2,1,2,3,3,5,5,3
小松＝実,6,5,5,5,5,5,6,6,5,5,5,5,1,6,5,5,1,2,5,5,1,2,5,1,5,4,1,5,5,5,5,5,5,4
松野＝博一,1,2,2,2,2,4,2,2,2,3,2,2,5,3,2,1,5,2,2,3,2,3,3,4,4,4,2,2,1,1,1,3,2,2
青山＝明日香,2,2,3,4,4,4,2,4,2,3,4,4,3,3,6,3,3,2,4,4,3,2,4,4,4,4,2,2,4,4,5,4,4,2
椛沢＝洋平,6,5,4,5,5,5,4,4,5,5,5,4,4,3,4,5,1,3,5,5,2,2,2,1,5,4,2,5,5,5,5,5,4,4
野田＝佳彦,2,2,3,3,6,4,3,4,2,4,4,3,4,3,2,3,3,3,2,4,4,3,3,3,3,4,2,3,2,4,4,4,4,2
木村＝哲也,1,1,3,2,2,1,2,4,1,2,1,1,5,4,1,2,5,2,4,2,6,3,2,4,3,4,3,4,1,2,2,2,3,2
斉藤＝和子,6,5,5,5,5,5,3,4,5,5,5,5,1,3,5,5,1,1,5,5,1,2,5,1,5,4,5,5,5,5,5,5,5,4
薗浦＝健太郎,1,1,3,3,1,3,2,2,2,2,2,3,5,5,1,1,5,3,3,3,3,3,1,4,3,4,3,3,1,1,1,4,2,2
村越＝祐民,2,1,5,2,5,3,4,4,2,3,5,5,1,1,3,5,1,1,1,5,5,1,5,1,5,5,1,2,5,5,5,5,5,2
浅野＝史子,6,5,5,5,5,5,3,3,5,5,5,5,1,3,5,5,1,1,5,5,1,3,5,1,5,5,1,5,5,5,5,5,5,4
渡辺＝博道,1,2,3,3,2,3,2,1,3,2,2,3,4,2,2,2,4,3,2,3,2,6,2,4,4,3,2,3,2,2,1,2,2,2
生方＝幸夫,2,5,5,4,5,5,3,3,2,4,2,5,1,1,4,5,2,2,4,4,3,2,4,1,5,4,1,5,5,5,5,4,4,2
遠藤＝宣彦,5,1,1,1,1,3,3,3,2,3,3,2,5,5,1,3,3,4,2,2,2,3,2,4,2,5,4,4,1,2,2,5,4,3
三輪＝由美,6,5,5,5,5,5,3,3,5,5,5,5,1,3,5,5,1,1,5,5,1,3,5,1,5,5,1,5,5,5,5,5,5,4
斎藤＝健,1,2,3,3,3,6,6,2,1,1,6,2,5,6,2,3,5,5,2,6,6,2,2,4,2,4,4,6,1,2,2,3,3,2
石塚＝貞通,3,2,2,2,4,2,3,3,3,2,1,4,4,2,3,5,2,2,2,3,5,2,4,2,5,4,1,1,1,4,5,5,5,3
渡部＝隆夫,6,5,5,5,5,5,3,3,5,5,5,5,1,3,5,5,1,1,3,5,1,3,3,1,5,5,1,5,5,5,5,5,5,4
桜田＝義孝,1,1,1,1,1,3,2,3,3,3,2,1,5,5,1,1,5,3,1,2,3,3,2,5,2,3,5,1,1,1,1,4,1,3
太田＝和美,3,3,4,3,4,4,3,4,3,3,3,4,4,3,2,5,3,2,2,3,4,2,3,1,4,4,1,2,2,4,5,5,5,3
小野里＝定良,6,5,5,5,5,5,3,3,5,5,5,5,1,3,5,5,1,1,5,5,1,3,5,1,5,5,1,5,5,5,5,5,5,4
秋本＝真利,1,2,3,2,3,2,2,2,2,2,2,3,5,3,1,4,4,4,3,2,3,3,2,2,3,3,3,3,1,2,2,2,2,2
奥野＝総一郎,2,2,2,3,5,4,4,2,1,3,5,4,2,2,3,2,2,3,3,3,4,2,4,3,4,4,2,2,2,5,5,4,4,2
西田＝譲,5,1,1,1,1,3,2,3,3,1,2,2,5,5,2,2,5,3,2,2,3,3,1,5,2,4,4,2,1,2,1,4,4,5
鴨志田＝安代,6,5,5,3,5,5,3,3,5,5,5,5,1,2,5,5,1,3,5,5,1,6,5,1,5,5,1,5,5,5,5,5,5,4
林＝幹雄,1,1,3,3,6,3,6,2,2,2,1,6,5,5,1,1,5,3,1,2,3,3,2,4,3,4,3,3,1,1,1,4,2,2
谷田川＝元,2,3,3,2,3,4,3,4,3,4,3,3,3,2,2,3,3,2,3,4,3,2,2,3,3,4,2,2,2,4,5,4,4,2
笠原＝正実,6,5,5,5,5,5,3,3,5,5,5,5,1,5,5,5,1,3,5,3,1,3,4,1,5,4,1,5,5,5,5,4,5,4
森＝英介,1,1,3,3,6,3,1,2,2,2,1,2,5,5,3,1,5,3,3,3,3,2,4,5,3,4,3,3,1,1,1,3,2,2
椎名＝史明,6,5,5,5,5,5,3,3,5,5,5,5,1,3,5,5,1,1,5,5,1,3,5,1,5,5,1,5,5,5,5,5,5,4
浜田＝靖一,1,1,5,2,2,4,2,2,2,2,1,2,5,2,1,2,3,1,3,3,4,3,4,4,4,2,2,4,1,1,1,2,1,2
米本＝展久,6,5,5,5,5,5,3,3,5,5,5,5,1,3,4,5,1,3,4,4,1,2,4,1,5,4,1,5,5,5,5,5,5,4
白須賀＝貴樹,1,1,1,3,1,4,1,1,2,2,1,1,5,2,1,1,5,3,4,3,1,3,2,5,5,2,5,2,1,1,1,2,1,2
若井＝康彦,2,2,3,3,5,4,3,3,5,2,5,4,4,2,3,3,2,3,3,4,3,2,4,3,4,4,2,2,4,5,5,4,4,3
中川＝勝敏,6,5,5,5,5,5,5,5,5,5,5,5,1,5,5,5,1,5,5,5,1,2,4,1,5,5,1,4,5,5,5,5,5,4
山田＝美樹,1,1,3,3,2,3,1,2,2,2,3,3,5,5,1,1,5,3,3,3,3,3,1,4,3,4,3,3,1,1,1,4,2,2
海江田＝万里,2,3,3,3,5,5,3,4,3,4,3,4,4,4,3,3,2,2,3,4,3,3,4,3,4,4,2,4,3,5,5,5,5,3
渡辺＝徹,5,1,2,1,1,3,2,4,2,1,2,3,5,5,1,3,5,3,2,3,3,3,1,3,2,4,3,2,1,2,1,3,4,5
冨田＝直樹,6,5,5,3,5,5,2,3,5,5,5,5,1,3,3,5,1,2,4,4,1,3,4,1,4,3,2,5,5,5,5,5,5,4
辻＝清人,1,1,2,2,3,2,4,2,2,2,4,1,5,3,2,2,2,2,2,2,2,3,4,4,4,4,4,2,1,1,1,3,2,2
中山＝義活,2,3,4,3,3,4,4,4,3,3,4,4,3,3,2,3,3,3,2,3,3,3,3,3,4,3,2,3,3,4,5,4,4,3
大熊＝利昭,3,2,5,3,3,3,5,5,5,2,2,3,5,3,3,5,4,4,2,2,4,3,4,2,4,4,2,2,2,4,5,4,4,5
石沢＝憲之,6,5,5,5,5,5,3,4,5,5,5,5,1,1,5,5,1,2,5,5,1,2,5,1,5,5,1,5,5,5,5,5,5,4
石原＝宏高,1,1,3,2,1,3,1,1,2,1,1,3,5,5,1,1,5,1,2,3,3,3,2,4,3,4,3,3,1,1,1,4,2,2
松原＝仁,2,2,2,1,1,4,1,2,4,2,2,4,5,4,1,2,4,5,6,6,2,6,6,6,6,6,1,6,1,2,2,5,4,4
香西＝克介,6,5,5,3,5,5,2,3,5,5,5,5,1,3,4,5,1,2,4,4,1,2,4,1,5,4,2,5,5,5,5,5,5,4
平＝将明,1,1,3,3,2,2,5,4,2,1,1,3,5,2,3,1,3,1,2,1,4,1,3,3,3,2,3,2,1,1,1,2,3,3
藤田＝憲彦,2,1,5,1,5,5,3,5,1,1,5,5,5,1,1,3,1,5,1,5,5,1,5,3,5,5,1,1,3,5,5,5,5,2
犬伏＝秀一,5,1,1,1,1,4,2,4,2,1,2,3,5,5,1,2,5,5,2,3,3,3,1,4,2,4,4,2,1,1,1,3,4,5
山本＝純平,6,5,5,3,5,5,2,3,5,5,5,5,1,3,3,5,1,2,4,4,1,2,4,1,5,4,2,5,5,5,5,5,5,4
手塚＝仁雄,2,5,5,5,5,3,5,4,1,4,1,3,1,3,4,5,1,2,4,5,3,2,5,2,5,4,1,3,4,5,5,4,4,2
沢井＝正代,6,5,5,3,5,5,2,3,5,5,5,5,1,3,3,5,1,2,4,4,1,2,4,1,4,4,2,5,5,5,5,5,5,4
越智＝隆雄,1,2,2,3,3,4,4,3,3,2,3,3,4,3,2,3,3,2,3,3,3,2,3,3,3,4,3,2,2,2,2,2,2,2
落合＝貴之,3,2,3,3,4,3,4,3,3,1,2,3,5,3,2,5,3,4,2,2,5,3,3,2,4,2,2,2,2,5,5,4,4,3
岸＝武志,6,5,5,3,5,5,2,3,5,5,5,5,1,3,4,5,1,2,4,4,1,3,4,1,5,3,2,5,5,5,5,5,5,4
松本＝文明,1,2,4,2,1,4,2,1,2,2,2,2,5,3,2,2,4,3,1,2,4,3,2,5,3,4,4,3,1,1,1,4,2,3
長妻＝昭,2,2,4,2,5,4,4,4,2,3,5,4,3,4,4,5,1,1,2,6,4,2,4,1,4,4,2,2,2,4,5,3,4,2
吉田＝康一郎,5,1,1,1,1,3,2,4,2,1,2,3,5,5,1,3,4,4,2,3,3,3,1,4,3,4,3,2,1,2,1,3,4,3
太田＝宜興,6,5,5,3,5,5,2,3,5,5,5,5,1,3,3,5,1,2,4,4,2,3,4,1,5,4,2,5,5,5,5,5,5,4
石原＝伸晃,1,1,3,3,3,3,1,2,2,2,1,5,5,3,1,1,5,3,2,3,3,3,1,4,3,4,3,3,1,1,1,4,2,2
円＝より子,2,4,5,3,5,3,3,3,3,3,5,5,2,2,3,5,1,1,1,5,5,3,5,1,5,5,1,5,4,5,5,5,5,4
沢田＝真吾,6,5,5,3,5,5,3,3,5,5,5,5,1,3,3,5,1,2,4,4,1,3,4,1,5,4,2,5,5,5,5,5,5,4
菅原＝一秀,1,2,3,3,2,4,2,3,2,1,3,3,5,2,1,2,4,2,1,2,1,4,2,3,5,4,5,1,1,2,2,2,2,2
木内＝孝胤,3,3,3,3,4,3,4,4,4,2,2,4,4,4,3,5,2,2,2,4,4,2,4,2,5,4,2,2,1,5,5,5,5,3
原＝純子,6,5,5,3,5,5,2,3,5,5,5,5,1,3,4,5,1,2,4,5,1,2,4,1,5,3,2,5,5,5,5,5,5,4
小池＝百合子,1,1,2,1,3,3,2,2,2,2,2,2,5,3,2,2,3,2,2,3,3,3,3,4,3,4,3,1,1,1,1,3,2,2
江端＝貴子,2,3,4,3,5,3,4,4,2,3,4,4,6,4,3,4,1,2,3,4,4,2,4,2,5,5,2,2,4,5,5,5,5,2
神谷＝ちづ子,5,1,2,1,1,3,2,1,3,2,1,2,5,4,2,1,4,4,3,2,1,3,1,5,1,3,5,4,1,2,1,3,2,2
今＝秀子,6,5,5,3,5,5,2,3,5,5,5,5,1,3,3,5,1,2,4,4,1,3,4,1,5,3,2,5,5,5,5,5,5,4
下村＝博文,1,2,1,2,3,4,3,1,1,1,1,1,5,2,1,1,5,2,1,2,5,1,1,5,5,4,2,1,1,1,1,2,1,2
熊木＝美奈子,2,3,5,3,3,4,3,3,3,3,4,5,3,2,3,5,1,1,3,4,3,2,5,2,5,4,1,2,3,5,5,5,5,3
山内＝金久,6,5,5,3,5,5,2,3,5,5,5,5,1,3,4,5,1,2,4,4,1,3,4,1,4,4,2,5,5,5,5,5,5,4
田母神＝俊雄,5,1,1,1,1,5,1,1,5,2,2,1,5,5,1,1,5,5,3,2,1,2,1,5,1,1,5,5,1,1,1,3,3,4
太田＝昭宏,4,3,5,3,5,5,2,2,4,3,6,2,1,3,3,6,2,2,3,3,3,3,3,4,5,3,3,2,3,2,1,2,2,2
池内＝沙織,6,5,5,3,5,5,2,3,5,5,5,5,1,3,3,5,1,2,4,4,1,3,4,1,5,3,2,5,5,5,5,5,5,4
鴨下＝一郎,1,1,3,3,6,3,1,2,2,2,1,6,5,5,1,1,5,3,6,3,3,3,1,4,3,4,3,3,1,1,1,4,2,2
長谷川＝貴子,2,2,3,3,3,4,3,3,3,3,2,3,3,4,2,4,2,1,2,3,3,1,2,2,5,4,2,3,4,4,4,5,3,3
和田＝智之,5,1,1,1,1,3,1,1,2,3,2,2,5,4,1,1,5,5,3,4,2,1,2,5,2,2,3,2,1,1,1,3,3,3
祖父江＝元希,6,5,5,3,5,5,2,3,5,5,5,5,1,3,4,5,1,2,4,5,1,2,4,1,4,3,2,5,5,5,5,5,5,4
松島＝みどり,1,3,4,3,4,4,4,2,2,1,2,1,3,5,2,1,2,2,3,2,3,4,4,4,3,4,2,2,2,2,2,2,2,2
木村＝剛司,2,4,3,3,5,5,3,3,5,3,4,5,5,3,3,5,5,3,3,4,4,2,4,1,5,3,1,4,5,5,5,5,5,4
阿藤＝和之,6,5,5,3,5,5,2,3,5,5,5,5,1,3,4,5,1,2,4,4,1,2,4,1,5,3,2,5,5,5,5,5,5,4
秋元＝司,1,2,3,2,2,4,2,2,2,2,2,2,4,2,2,2,4,3,2,2,4,2,3,4,4,5,1,1,1,2,2,2,2,3
柿沢＝未途,3,1,3,3,4,3,4,4,4,2,1,4,4,2,2,4,3,3,2,3,4,2,4,2,4,4,3,2,1,4,4,5,5,5
吉田＝年男,6,5,5,3,5,5,3,5,5,5,5,5,1,5,5,5,3,5,5,5,1,3,5,1,5,5,1,5,5,5,5,5,5,4
大西＝英男,1,1,2,2,1,3,1,2,2,2,1,3,3,3,1,1,4,3,2,3,3,3,1,5,3,2,2,3,1,1,1,2,2,3
石井＝義哲,5,1,1,1,1,4,2,2,4,2,1,2,5,5,1,1,5,2,1,1,1,2,2,5,2,4,3,2,1,1,1,4,2,1
初鹿＝明博,3,3,3,3,5,3,3,3,3,5,3,5,1,3,5,5,2,3,5,4,2,1,5,1,3,3,1,3,3,5,5,5,5,3
大田＝朝子,6,5,5,3,5,5,2,3,5,5,5,5,1,3,3,5,1,2,4,4,1,3,4,1,5,3,2,5,5,5,5,5,5,4
平沢＝勝栄,1,3,3,3,3,3,3,3,2,2,2,2,5,3,1,2,4,3,2,3,2,3,3,3,4,4,4,3,1,1,1,3,4,2
高橋＝美穂,3,2,2,3,6,4,2,2,2,2,2,5,6,4,2,4,1,1,2,3,3,3,5,3,3,4,1,2,2,3,3,5,5,5
土屋＝正忠,1,1,2,2,1,4,2,2,1,4,2,2,5,4,2,1,5,3,1,2,3,3,3,5,1,5,3,4,1,1,1,2,1,2
菅＝直人,2,3,5,3,5,5,3,3,3,3,4,5,3,3,3,5,3,2,2,4,4,3,4,1,5,4,2,3,5,5,5,5,4,5
結城＝亮,6,5,5,3,5,5,2,3,5,5,5,5,1,3,4,5,1,2,4,5,1,3,4,1,5,4,2,5,5,5,5,5,5,4
松本＝洋平,1,1,6,2,1,6,3,6,6,2,2,6,5,4,1,6,5,2,6,6,6,6,2,6,6,6,6,2,1,1,1,4,2,2
末松＝義規,2,3,3,2,5,5,4,3,4,3,3,4,1,2,2,3,3,2,3,3,3,2,3,2,2,5,2,2,5,5,5,5,5,3
山田＝宏,5,1,2,2,1,3,3,4,2,1,2,2,5,4,1,2,4,2,1,2,4,3,3,4,3,4,4,2,1,2,1,4,4,2
小泉＝民未嗣,6,5,5,3,5,5,2,3,5,5,5,5,1,3,4,5,1,2,4,4,1,2,4,1,5,4,2,5,5,5,5,5,5,4
木原＝誠二,1,2,3,2,2,4,3,3,3,2,4,4,4,2,2,2,3,1,2,2,2,3,4,4,4,3,2,4,1,4,2,4,2,2
竹田＝光明,2,2,4,3,5,5,4,1,3,2,1,4,3,3,3,5,3,3,2,4,2,3,5,2,5,4,1,4,2,4,5,5,5,2
池田＝真理子,6,5,5,3,5,5,2,3,5,5,5,5,1,3,4,5,1,2,4,4,1,2,4,1,5,4,2,5,5,5,5,5,5,4
小田原＝潔,1,1,1,1,1,3,1,1,1,1,2,2,5,2,1,1,5,1,2,1,4,2,1,5,1,4,4,1,1,2,1,2,4,2
長島＝昭久,2,1,2,2,3,3,4,4,3,2,2,3,5,2,1,3,4,2,2,3,5,3,4,3,5,5,2,2,1,2,3,5,4,2
吉岡＝正史,6,5,5,3,5,5,2,3,5,5,5,5,1,3,4,5,1,2,4,4,1,3,4,1,5,4,2,5,5,5,5,5,5,4
伊藤＝達也,1,1,2,2,3,4,2,2,4,1,3,3,5,3,2,2,2,2,1,2,4,3,4,4,5,5,3,1,1,1,2,4,1,2
山花＝郁夫,2,5,5,4,5,5,3,4,2,5,5,5,1,2,5,5,1,5,5,5,3,2,5,1,5,4,1,5,5,5,5,5,4,2
鹿野＝晃,5,1,1,1,1,3,2,4,2,1,2,3,5,5,1,3,4,4,2,3,3,3,1,4,3,4,3,2,1,2,1,3,4,5
坂内＝淳,6,5,5,3,5,5,2,3,5,5,5,5,1,3,3,5,1,2,4,4,1,3,4,1,4,4,2,5,5,5,5,5,5,4
小倉＝将信,1,1,3,3,2,3,1,2,2,2,1,4,5,5,1,1,5,3,3,3,3,3,1,4,3,4,3,3,1,1,1,4,2,2
櫛渕＝万里,2,2,3,3,5,4,3,4,3,3,3,4,3,3,3,4,2,2,3,3,3,3,5,2,5,5,1,3,3,5,5,5,5,2
伊藤＝俊輔,3,2,3,2,4,2,3,4,4,2,1,4,4,2,3,5,4,3,1,4,4,2,3,2,5,4,1,1,1,4,5,5,5,3
松村＝亮佑,6,5,5,3,5,5,2,3,5,5,5,5,1,3,3,5,1,2,4,4,1,2,4,1,4,4,2,5,5,5,5,5,5,4
萩生田＝光一,1,2,3,2,1,3,2,3,3,2,2,2,5,3,1,2,3,2,2,2,4,3,2,3,4,4,4,2,6,1,1,2,2,2
阿久津＝幸彦,2,4,5,4,5,5,5,3,2,4,5,5,1,3,4,5,1,1,3,5,3,5,5,1,5,5,1,5,2,5,5,5,5,2
藤井＝義裕,5,1,2,2,1,3,2,2,2,4,2,2,5,5,1,1,5,5,5,4,1,3,1,5,1,4,5,4,1,2,2,4,3,2
市川＝克宏,6,5,5,5,5,5,3,3,5,5,5,5,1,6,4,5,1,2,5,4,1,2,4,1,5,3,2,5,5,5,5,5,5,4
井上＝信治,1,2,2,2,1,4,2,2,4,2,2,4,5,4,1,2,5,2,1,2,4,2,3,4,4,4,2,2,1,1,1,2,2,2
山下＝容子,2,3,4,3,4,3,2,3,3,3,2,4,4,3,2,5,1,3,3,3,3,2,4,1,5,5,2,2,3,4,5,4,3,4
井上＝宣,6,5,5,3,5,5,2,3,5,5,5,5,1,3,4,5,1,2,4,4,1,2,4,1,4,4,2,5,5,5,5,5,5,4
松本＝純,1,1,3,3,2,3,1,2,2,2,1,2,5,5,1,1,5,3,2,3,3,3,1,4,3,4,5,3,1,1,1,4,2,2
篠原＝豪,3,2,3,3,5,2,3,4,3,2,1,4,4,3,3,5,3,3,2,3,4,2,4,2,5,4,1,1,1,4,5,5,5,3
明石＝行夫,6,5,5,5,5,3,2,2,5,5,5,5,1,3,3,5,1,2,5,4,1,3,4,1,4,3,2,5,5,5,5,5,5,4
菅＝義偉,1,3,6,3,3,3,3,2,2,1,1,3,5,3,1,1,5,3,3,3,3,3,2,4,3,4,4,3,1,1,1,4,2,2
三輪＝智恵美,6,5,5,3,5,5,2,3,5,5,5,5,1,3,3,5,1,2,4,4,1,2,4,1,5,3,2,5,5,5,5,5,5,4
小此木＝八郎,1,1,2,2,2,2,2,2,2,1,2,3,5,4,1,1,4,2,2,2,4,2,2,5,3,4,2,2,1,1,1,3,4,2
勝又＝恒一郎,2,3,4,2,4,4,2,3,3,4,3,4,2,2,2,3,2,2,2,4,3,3,3,3,5,5,2,2,2,5,5,5,5,2
横田＝光弘,5,1,1,1,1,5,3,5,5,3,5,3,5,3,1,1,5,5,3,3,5,1,1,5,3,3,5,5,1,1,1,3,4,3
木佐木＝忠晶,6,5,5,3,5,5,2,3,5,5,5,5,1,3,4,5,1,2,4,4,1,3,4,1,4,3,2,5,5,5,5,5,5,4
山本＝朋広,1,1,3,3,1,3,1,2,3,2,2,2,5,3,1,1,3,3,3,3,3,3,3,3,3,4,3,3,1,1,1,4,2,2
加藤＝勝広,6,5,5,3,5,5,2,3,5,5,5,5,1,3,3,5,1,2,4,4,1,2,4,1,4,3,2,5,5,5,5,5,5,4
坂井＝学,1,2,2,2,3,3,2,2,3,2,2,3,5,3,1,3,5,3,3,3,3,1,3,3,3,3,6,3,1,6,1,2,2,2
水戸＝将史,3,2,3,3,3,3,4,4,3,4,3,3,5,4,1,3,5,3,1,3,4,2,1,3,1,5,1,2,1,3,2,5,4,4
河野＝敏久,5,2,2,3,3,3,2,1,5,1,5,2,5,5,1,3,4,3,1,4,2,2,1,2,2,2,3,1,3,3,2,5,3,4
横山＝征吾,6,5,5,3,5,5,2,3,5,5,5,5,1,3,4,5,1,2,4,4,1,3,4,1,5,4,2,5,5,5,5,5,5,4
三村＝和也,2,2,2,2,3,2,4,5,3,1,1,5,4,2,1,2,2,1,2,3,3,1,4,3,4,5,2,1,1,4,2,5,5,2
青柳＝陽一郎,3,1,3,2,2,2,3,4,3,2,2,4,5,2,2,5,4,3,2,2,4,2,2,2,4,3,2,1,1,3,4,5,5,3
上田＝勇,4,4,4,2,4,4,3,4,2,3,4,5,2,2,3,2,2,3,2,3,4,2,4,3,4,4,4,2,2,3,2,4,5,2
北谷＝真利,6,5,5,3,5,5,2,3,5,5,5,5,1,3,4,5,1,2,4,4,1,3,4,1,5,4,2,5,5,5,5,5,5,4
鈴木＝馨祐,1,1,2,1,3,1,5,5,1,1,1,2,5,1,2,1,1,3,1,1,5,3,5,5,5,5,1,1,1,2,1,2,3,2
中谷＝一馬,2,4,4,4,4,3,4,4,2,2,2,4,4,3,2,4,2,2,3,4,4,2,4,2,4,4,4,2,4,4,4,4,4,3
豊田＝有希,3,1,3,3,5,2,3,4,2,2,2,4,3,2,4,5,2,3,2,3,5,2,4,2,5,4,1,1,1,4,5,5,5,3
松田＝学,5,1,3,2,2,4,4,4,1,2,1,3,4,4,1,3,4,4,3,3,3,3,1,4,2,5,3,2,1,1,1,4,5,2
大山＝奈々子,6,5,5,3,5,5,1,3,5,5,5,5,1,3,4,5,1,2,4,5,1,2,4,1,5,3,2,5,5,5,5,5,5,4
福田＝峰之,1,3,3,2,3,4,4,2,2,1,2,3,4,5,1,3,4,1,1,2,5,2,2,3,4,3,2,2,1,2,2,2,2,2
江田＝憲司,3,2,4,2,5,2,4,3,2,2,4,3,4,2,3,5,2,2,2,2,5,3,4,2,4,2,2,1,2,3,3,5,5,3
若林＝靖久,6,5,5,5,5,5,3,3,5,5,5,5,1,4,5,5,1,2,4,4,1,2,4,1,5,3,1,5,5,5,5,5,5,4
中山＝展宏,1,1,3,3,3,3,1,2,2,2,1,3,5,5,1,1,5,3,6,3,3,3,1,4,3,4,3,3,1,1,1,4,2,2
笠＝浩史,2,2,3,2,3,3,4,4,2,2,2,4,5,3,1,3,4,2,3,4,4,2,3,3,4,5,2,2,1,4,3,4,3,2
椎名＝毅,3,1,1,3,3,1,5,5,2,1,5,5,5,1,5,4,4,3,2,1,5,3,5,3,3,4,5,1,1,4,2,5,4,3
堀口＝望,6,5,5,3,5,5,2,3,5,5,5,5,1,3,3,5,1,2,4,4,1,3,4,1,4,3,2,5,5,5,5,5,5,4
田中＝和徳,1,1,3,3,3,3,2,2,3,2,1,2,5,3,1,1,5,3,4,3,3,2,2,4,3,4,4,3,1,1,1,4,2,2
城島＝光力,2,3,6,3,5,5,3,4,3,4,5,4,3,4,3,3,3,3,3,3,3,3,4,3,4,4,1,3,6,5,5,5,5,2
中野＝智裕,6,5,5,3,5,5,2,3,5,5,5,5,1,3,3,5,1,2,5,4,1,2,4,1,4,3,2,5,5,5,5,5,5,4
瀬戸＝和弘,6,5,5,3,5,5,2,3,5,5,5,5,1,3,3,5,1,2,4,4,1,2,4,1,5,3,2,5,5,5,5,5,5,4
星野＝剛士,1,1,3,3,2,3,2,2,2,2,3,3,4,3,2,1,3,3,3,2,4,2,3,3,2,3,4,2,1,1,1,4,1,2
甘粕＝和彦,5,1,1,1,1,3,2,2,2,3,2,2,5,5,1,2,5,5,2,3,3,3,1,4,3,4,3,2,1,1,2,4,3,5
阿部＝知子,2,5,5,5,5,5,3,3,5,5,5,5,1,3,5,5,1,1,5,5,2,2,5,1,5,4,1,5,5,5,5,4,4,5
味村＝耕太郎,6,5,5,3,5,5,2,3,5,5,5,5,1,3,3,5,1,2,4,4,1,2,4,1,4,3,2,5,5,5,5,5,5,4
甘利＝明,1,1,3,3,3,3,1,2,2,2,1,2,5,5,1,1,5,3,3,3,3,3,1,4,3,4,3,3,1,1,1,4,2,2
伊藤＝優太,3,2,2,3,5,2,3,3,2,2,1,4,4,3,3,5,3,3,2,3,4,2,3,2,5,4,1,1,1,4,5,5,5,3
高久＝良美,6,5,5,5,5,5,1,4,5,5,5,5,1,3,3,5,1,1,5,5,1,1,5,1,5,2,1,5,5,5,5,5,4,4
赤間＝二郎,1,2,3,2,2,3,3,3,2,2,2,3,4,3,2,2,3,3,2,3,3,3,3,2,4,4,2,2,2,2,2,3,2,2
本村＝賢太郎,2,2,2,3,3,4,3,2,3,4,4,3,2,4,2,4,2,3,3,4,4,3,4,4,4,4,3,2,2,4,4,4,3,1
中本＝太衛,5,2,3,3,3,3,2,3,2,2,2,3,5,3,2,3,4,3,3,3,2,3,3,3,4,3,3,4,1,4,4,4,4,3
中野渡＝旬,6,5,5,3,5,5,2,3,5,5,5,5,1,3,4,5,1,2,4,4,1,3,4,1,4,3,2,5,5,5,5,5,5,4
河野＝太郎,1,3,3,3,5,3,3,3,3,3,3,3,5,2,3,3,6,3,3,2,4,3,3,2,4,4,1,2,2,2,2,2,2,2
沼上＝徳光,6,5,5,3,5,5,3,3,5,5,5,5,1,3,4,5,1,1,5,5,1,3,4,1,4,3,2,5,5,5,5,5,5,4
後藤＝祐一,2,2,4,3,5,4,4,2,3,3,3,4,3,2,4,4,1,3,3,4,4,2,5,2,4,4,1,2,2,5,5,5,5,5
義家＝弘介,1,1,3,3,1,3,1,2,2,2,1,2,5,5,1,1,5,3,3,3,3,3,1,4,3,4,3,3,1,1,1,4,2,2
池田＝博英,6,5,5,3,5,5,2,3,5,5,5,5,1,3,3,5,2,2,5,4,1,2,4,1,5,3,2,5,5,5,5,5,5,4
牧島＝かれん,1,1,3,3,3,3,3,2,2,2,1,3,5,3,1,1,3,3,3,3,3,3,5,4,3,3,3,3,1,1,2,4,2,2
神山＝洋介,2,2,2,3,5,4,5,4,1,3,3,3,3,3,3,3,1,1,3,3,4,2,4,3,4,5,1,2,1,3,5,5,3,3
吉田＝福治,6,5,5,3,5,5,1,3,5,5,5,5,1,3,5,5,1,3,5,5,1,3,4,1,5,5,5,5,5,5,5,5,5,4
山際＝大志郎,1,1,1,3,3,3,3,3,1,1,1,2,5,2,1,1,5,3,2,2,3,3,3,5,3,4,4,2,1,1,1,2,2,2
北村＝造,3,4,5,2,5,3,4,5,5,1,1,4,3,1,2,5,1,1,4,4,5,3,5,1,5,3,2,1,2,5,5,4,3,4
中田＝宏,5,1,1,1,1,2,2,4,2,1,2,3,5,5,1,2,4,4,2,2,4,3,1,4,3,5,3,1,1,2,1,4,4,5
塩田＝儀夫,6,5,5,3,5,5,2,3,5,5,5,5,1,3,3,5,1,2,4,5,1,3,4,1,5,3,3,5,5,5,5,5,5,4
石崎＝徹,1,3,2,3,3,2,2,4,2,4,3,3,3,3,3,2,3,2,3,3,3,3,3,4,4,4,4,4,2,2,2,2,2,2
西村＝智奈美,2,4,5,3,5,5,2,3,3,3,4,4,2,4,4,5,1,3,3,4,3,1,4,2,5,4,1,4,3,5,5,5,4,3
町田＝明広,6,5,5,3,5,5,1,3,5,5,5,5,1,3,3,5,1,2,4,4,1,3,4,1,4,3,2,5,5,5,5,5,5,4
細田＝健一,1,1,3,1,2,3,2,1,2,1,2,3,4,3,2,1,2,3,1,2,4,3,3,5,4,4,5,2,1,1,1,4,4,2
鷲尾＝英一郎,2,2,4,3,3,3,2,3,2,4,2,2,5,4,2,2,4,3,2,3,3,2,2,4,4,3,2,3,2,4,4,3,4,2
五位野＝和夫,6,5,5,3,5,5,1,3,5,5,5,5,1,3,3,5,1,2,4,4,1,3,4,1,4,3,2,5,5,5,5,5,5,4
黒岩＝宇洋,2,2,4,1,5,4,2,4,4,4,1,5,4,4,2,4,1,1,2,4,2,1,5,2,5,5,1,2,2,5,5,5,5,3
斎藤＝洋明,1,2,3,2,2,4,1,1,3,4,3,3,5,4,3,2,3,3,2,3,2,3,3,4,4,2,4,4,1,2,2,4,4,3
伊藤＝誠,6,5,5,3,5,5,1,3,5,5,5,5,1,3,3,5,1,2,4,4,1,3,4,1,4,3,2,5,5,5,5,5,5,4
金子＝恵美,1,2,2,2,3,4,2,2,3,3,3,4,4,3,2,2,3,3,3,2,2,3,2,4,4,3,3,2,1,3,3,3,2,2
菊田＝真紀子,2,3,4,1,5,3,3,4,4,3,4,3,3,2,4,4,2,2,3,4,3,2,4,2,5,4,2,4,3,5,5,5,5,2
西沢＝博,6,5,5,3,5,5,1,3,5,5,5,5,1,3,3,5,1,2,4,4,1,3,4,1,4,3,2,5,5,5,5,5,5,4
長島＝忠美,1,2,3,2,3,3,1,2,3,3,4,3,5,4,1,3,4,3,3,3,3,2,3,3,2,3,4,4,2,2,2,3,3,2
服部＝耕一,6,5,5,3,5,5,1,3,5,5,5,5,1,3,3,5,1,2,4,4,1,3,4,1,4,3,2,5,5,5,5,5,5,4
高鳥＝修一,1,2,3,2,1,5,2,1,3,2,3,3,5,5,1,2,5,3,2,2,2,3,3,4,4,2,2,3,1,1,1,4,4,2
梅谷＝守,2,2,5,2,4,3,1,1,2,2,2,5,5,3,2,5,2,2,4,4,2,2,2,3,3,4,1,5,1,4,5,5,5,3
高橋＝ミキ子,6,5,5,3,5,5,1,3,5,5,5,5,1,3,3,5,1,2,4,4,1,3,4,1,4,3,2,5,5,5,5,5,5,4
田畑＝裕明,1,2,3,2,2,3,2,2,3,2,3,3,5,2,2,2,5,2,3,3,3,3,3,4,3,3,3,3,1,2,2,2,2,2
吉田＝豊史,3,2,3,3,5,2,3,3,2,2,1,4,4,2,3,5,2,3,3,4,3,1,3,1,3,4,1,1,1,4,5,5,5,3
高橋＝渡,6,5,5,5,5,5,3,3,5,5,5,5,1,3,4,5,1,2,4,4,1,2,5,1,5,4,4,5,5,5,5,5,5,4
宮腰＝光寛,1,1,3,3,2,3,1,2,2,2,4,3,5,5,1,1,5,3,2,3,3,3,2,4,3,4,3,3,1,1,1,4,2,2
平崎＝功,6,5,5,4,5,5,3,3,5,5,5,5,1,2,4,5,1,1,4,4,1,3,5,1,5,4,5,5,5,5,5,5,5,4
橘＝慶一郎,1,2,3,2,3,4,2,3,2,3,3,3,4,4,2,2,3,3,2,4,3,2,2,4,3,4,3,4,2,2,2,3,2,2
坂本＝洋史,6,5,5,5,5,5,3,3,5,5,5,5,1,3,3,5,1,1,4,4,1,2,5,1,5,4,5,5,5,5,5,5,5,4
馳＝浩,1,1,3,3,3,3,1,2,2,2,1,3,5,5,1,1,5,3,2,3,3,3,2,4,3,4,3,3,1,1,1,4,2,2
田中＝美絵子,2,3,5,5,5,5,3,3,3,3,4,3,1,2,2,3,3,2,3,3,1,3,3,3,5,4,3,3,5,5,5,5,5,3
亀田＝良典,6,5,5,3,5,5,2,3,5,5,5,5,1,3,3,5,1,2,4,4,1,3,4,1,5,3,2,5,5,5,5,5,5,4
佐々木＝紀,1,1,3,3,2,3,1,2,2,2,1,3,5,5,1,1,5,3,2,3,3,3,1,4,3,4,4,3,1,1,1,4,2,2
西村＝祐士,6,5,5,3,5,5,1,3,5,5,5,5,1,3,3,5,1,2,4,4,1,3,4,1,4,4,2,5,5,5,5,5,5,4
北村＝茂男,1,1,3,3,2,3,2,2,2,3,2,2,5,4,1,1,5,5,1,2,2,2,2,4,4,4,1,3,1,1,1,2,1,2
近藤＝和也,2,5,3,3,3,3,3,3,3,3,3,3,3,3,3,3,3,3,3,3,4,3,2,3,3,3,3,2,4,5,5,5,5,2
渡辺＝裕子,6,5,5,3,5,5,2,3,5,5,5,5,1,3,3,5,1,2,4,4,1,2,3,1,4,4,2,5,5,5,5,5,5,4
鈴木＝宏治,3,3,3,2,3,3,3,2,4,4,3,3,5,4,2,4,4,3,2,4,4,2,2,2,2,4,2,2,1,4,4,5,5,4
稲田＝朋美,1,1,3,3,1,3,1,2,2,2,3,3,5,5,1,1,5,3,3,3,3,3,1,4,3,4,5,3,1,1,1,4,2,2
金元＝幸枝,6,5,5,5,5,5,2,3,5,5,5,5,1,4,5,5,1,1,5,5,1,2,5,1,5,5,2,5,5,5,5,5,5,4
辻＝一憲,2,5,5,5,5,3,3,2,4,2,3,5,3,2,1,2,3,3,4,5,2,3,3,3,5,4,1,4,5,4,5,5,5,2
宇野＝邦弘,6,5,5,5,5,5,2,2,5,5,5,5,1,5,5,5,1,1,5,5,1,2,5,1,5,5,2,5,5,5,5,5,5,4
宮川＝典子,1,1,3,2,1,4,2,1,2,4,4,2,5,3,1,2,5,2,3,2,2,3,2,5,1,3,3,2,1,1,1,2,2,2
中島＝克仁,2,2,5,3,4,5,3,3,2,3,5,3,3,2,2,3,3,2,3,3,6,2,3,3,3,3,3,3,2,4,5,5,4,3
遠藤＝昭子,6,5,5,3,5,5,2,3,5,5,5,5,1,3,4,5,1,2,4,4,1,6,4,1,4,4,2,5,5,5,5,5,5,4
堀内＝詔子,1,3,2,3,2,3,1,2,2,2,2,3,5,5,1,1,5,3,2,3,3,3,2,4,3,4,3,3,1,1,1,4,2,2
秋山＝晃一,6,5,5,3,5,5,2,3,5,5,5,5,1,3,4,5,1,2,4,3,1,2,4,1,4,4,2,5,5,5,5,5,5,4
小松＝裕,1,2,3,3,3,3,2,2,4,2,3,4,5,4,2,2,4,3,3,3,3,3,3,3,4,4,3,3,2,2,2,4,2,2
篠原＝孝,2,3,5,3,5,5,4,5,4,5,5,5,2,5,5,5,1,2,3,5,1,1,1,1,3,5,1,3,4,5,5,5,5,3
宮沢＝隆仁,5,1,3,2,3,3,2,4,2,3,3,4,3,4,1,3,2,3,3,3,2,3,2,3,4,5,2,2,1,2,2,4,3,3
武田＝良介,6,5,5,3,5,5,2,3,5,5,5,5,1,3,4,5,1,2,5,5,2,2,4,1,4,4,2,5,5,5,5,5,5,4
務台＝俊介,1,1,4,1,3,4,2,2,1,3,4,3,3,2,2,2,4,3,2,3,3,2,2,3,2,4,2,2,1,2,1,2,2,2
下条＝みつ,2,3,4,4,4,3,3,4,4,4,4,5,3,3,2,4,2,3,2,3,2,3,3,2,2,4,3,6,5,5,5,4,5,5
百瀬＝智之,3,3,5,3,5,2,4,4,4,2,2,5,2,3,5,5,3,2,5,2,5,2,2,1,2,4,3,2,2,5,5,5,3,3
清沢＝達也,6,5,5,4,5,4,3,5,5,5,5,5,1,3,4,5,1,2,5,5,1,3,5,1,5,3,4,5,5,5,5,5,5,4
木内＝均,1,2,3,3,1,3,1,1,1,1,2,2,4,3,1,1,4,3,3,3,3,3,2,4,3,2,2,4,1,1,1,3,3,2
寺島＝義幸,2,4,4,3,5,4,3,3,5,4,4,3,3,3,2,4,3,4,3,4,2,2,1,2,4,3,2,2,3,5,5,5,3,3
井出＝庸生,3,3,3,4,4,4,3,3,4,2,3,5,3,3,4,5,2,2,4,4,2,2,4,2,4,4,2,3,4,5,5,4,5,3
唐沢＝千晶,6,5,5,3,5,4,2,3,5,5,5,5,1,3,3,5,1,2,4,5,1,3,4,1,5,3,2,5,5,5,5,5,5,4
後藤＝茂之,1,2,4,3,4,4,2,2,2,2,2,4,4,2,2,2,4,3,3,3,2,2,3,3,4,4,2,4,2,2,2,4,2,2
矢崎＝公二,2,3,4,3,5,5,2,4,2,5,5,5,1,1,4,5,1,3,2,3,3,2,3,3,5,4,3,4,5,4,5,5,5,5
上田＝秀昭,6,5,5,3,5,5,1,3,5,5,5,5,1,3,3,5,1,2,5,5,1,2,4,1,5,4,2,5,5,5,5,5,5,4
宮下＝一郎,1,1,3,3,3,3,3,3,3,3,3,2,5,3,1,1,4,3,2,3,3,3,3,4,5,4,4,4,1,1,1,2,2,2
中嶋＝康介,2,3,4,3,4,4,3,3,3,3,4,4,3,3,3,5,4,4,3,4,3,3,3,2,4,5,2,3,5,4,5,4,4,3
水野＝力夫,6,5,5,3,5,5,2,3,5,5,5,5,1,3,4,5,1,2,4,5,1,2,4,1,5,3,2,5,5,5,5,5,5,4
野田＝聖子,1,2,2,2,3,4,2,2,2,3,1,3,5,3,1,1,1,1,1,3,3,2,4,4,5,3,2,2,1,2,2,3,1,3
吉田＝里江,2,4,5,3,5,5,2,4,1,4,4,5,1,1,3,3,1,1,3,5,2,3,5,4,5,5,1,4,2,5,5,5,5,3
大須賀＝志津香,6,5,5,5,5,5,3,3,5,5,5,5,1,3,3,5,1,5,5,4,1,4,3,1,5,4,2,5,5,5,5,5,5,4
棚橋＝泰文,1,2,2,2,6,6,6,2,3,6,6,6,5,3,2,2,6,6,6,2,5,3,3,4,3,4,4,1,2,2,1,4,6,2
森桜＝房義,6,5,5,5,5,5,3,3,5,5,5,5,1,3,5,5,1,3,4,4,2,3,3,1,4,3,1,4,5,5,5,5,5,4
武藤＝容治,1,1,1,3,3,3,2,2,2,2,2,3,5,3,1,1,5,3,1,3,3,3,1,4,3,4,4,3,1,1,1,3,2,2
園田＝康博,2,2,3,2,3,3,3,3,3,2,3,3,4,4,1,3,3,3,2,4,3,3,3,3,3,3,4,3,1,2,5,4,4,5
服部＝頼義,6,5,5,5,5,5,3,3,5,5,5,5,1,3,3,5,1,5,5,4,1,4,3,1,5,4,2,5,5,5,5,5,5,4
金子＝一義,1,2,3,2,4,3,2,1,3,3,3,3,4,2,1,2,4,2,2,3,2,2,2,4,4,4,2,2,2,2,2,3,2,2
今井＝雅人,3,3,3,3,4,3,3,3,6,1,1,4,4,3,3,5,6,2,1,4,3,2,3,2,5,4,1,1,6,4,5,4,5,3
伊嶌＝明博,6,5,5,5,5,4,4,2,5,5,5,5,1,3,4,5,1,2,5,5,1,1,4,1,5,5,1,5,5,5,5,5,5,4
古屋＝圭司,1,2,4,1,3,3,2,2,3,2,3,2,5,4,1,1,5,2,2,2,2,3,1,4,3,3,3,3,1,1,1,2,2,2
阿知波＝吉信,2,2,2,2,5,4,4,3,3,3,3,3,4,3,3,4,4,4,2,3,4,3,2,2,3,5,2,2,1,4,5,5,5,3
鷹見＝信義,6,5,5,5,5,5,3,3,5,5,5,5,1,3,3,5,1,5,5,4,1,3,3,1,5,4,2,5,5,5,5,5,5,4
上川＝陽子,1,3,5,3,4,3,4,3,3,2,2,3,3,4,3,3,3,3,1,3,3,2,2,3,5,4,3,3,2,1,2,4,2,2
牧野＝聖修,2,4,3,2,5,4,3,2,4,4,5,5,3,3,2,5,3,2,4,5,4,2,2,2,4,5,4,4,5,5,5,4,4,3
小池＝政就,3,2,3,2,2,2,3,4,3,2,2,4,4,2,3,4,4,2,3,3,5,2,4,2,3,4,1,1,1,4,5,4,4,3
河瀬＝幸代,6,5,5,5,5,5,4,4,5,5,5,5,1,3,5,5,1,1,5,5,1,3,5,1,5,5,1,5,5,5,5,5,5,4
井林＝辰憲,1,2,3,2,3,5,2,5,2,2,5,2,5,5,1,5,5,4,2,2,2,2,2,4,4,5,2,2,1,2,2,4,4,2
松尾＝勉,2,3,3,3,4,4,4,4,4,4,3,4,5,3,5,3,1,3,3,3,3,3,4,3,4,4,2,2,3,5,5,5,5,3
四ツ谷＝恵,6,5,5,5,5,3,2,4,5,5,5,5,1,4,3,5,1,2,5,5,1,2,4,1,5,5,2,4,5,5,5,5,5,4
宮沢＝博行,1,2,2,3,1,3,1,2,2,2,2,3,5,3,2,3,5,3,2,3,2,3,1,4,3,3,2,3,1,2,2,4,4,2
小山＝展弘,2,3,3,3,4,4,3,2,3,4,4,3,3,4,3,4,3,3,3,3,3,2,2,3,4,3,2,4,3,4,4,5,4,5
松浦＝敏夫,6,5,5,5,5,3,1,4,5,5,5,5,1,2,3,5,1,2,5,5,1,2,4,1,5,5,2,4,5,5,5,5,5,4
望月＝義夫,1,1,3,3,6,3,1,2,2,2,2,3,5,5,1,6,5,3,6,3,3,3,2,6,3,4,4,3,1,1,1,4,2,2
田村＝謙治,2,4,5,3,5,4,4,4,2,1,3,5,3,2,4,4,1,1,4,3,3,3,4,2,4,5,3,3,4,5,5,5,4,5
杉田＝保雄,6,5,5,5,5,5,4,4,5,5,5,5,1,3,5,5,1,1,5,5,1,5,5,1,5,5,1,5,5,5,5,5,5,4
吉川＝赳,1,1,3,2,1,4,2,2,3,2,3,2,5,4,1,2,4,1,3,2,2,2,2,4,5,4,2,2,1,1,1,2,2,2
細野＝豪志,2,2,3,2,3,4,4,4,2,3,2,4,5,3,3,4,1,2,3,3,3,3,5,2,5,5,2,2,2,5,5,5,5,2
大庭＝桃子,6,5,5,5,5,5,3,4,5,5,5,5,1,3,5,5,1,1,5,5,1,3,5,1,5,5,1,5,5,5,5,5,5,4
勝俣＝孝明,1,2,2,2,2,4,1,1,3,2,1,3,5,3,1,3,5,1,1,3,2,2,3,3,4,2,1,3,1,2,2,2,2,2
渡辺＝周,2,1,3,1,3,4,3,4,2,2,5,2,5,4,1,4,3,3,3,4,2,3,4,3,5,4,2,3,1,5,4,4,3,2
佐藤＝龍彦,6,5,5,5,5,5,4,4,5,5,5,5,1,3,5,5,1,1,5,5,1,3,5,1,5,5,1,5,5,5,5,5,5,4
城内＝実,1,1,1,2,2,4,1,1,2,3,3,2,5,5,1,3,4,2,3,4,3,2,2,3,2,2,4,4,1,1,1,4,2,2
松本＝泰高,2,5,5,4,5,3,3,3,5,4,5,5,1,2,4,5,2,2,2,4,4,2,4,1,4,4,1,4,5,5,5,4,4,4
野沢＝正司,6,5,5,5,5,5,2,4,5,5,5,5,1,4,5,5,1,2,5,4,2,3,3,1,5,4,5,4,5,5,5,4,4,4
塩谷＝立,1,2,3,3,4,3,1,2,2,2,2,3,5,3,1,1,5,3,3,3,3,3,2,4,3,4,4,3,1,1,1,4,2,2
源馬＝謙太郎,3,2,4,2,3,2,4,5,4,2,2,2,5,2,1,4,5,2,2,2,5,3,2,2,2,5,2,1,1,3,4,5,3,3
落合＝勝二,6,5,5,5,5,5,3,3,5,5,5,5,1,3,3,5,1,2,4,5,1,1,3,1,5,4,1,5,5,5,5,5,5,4
熊田＝裕通,1,1,3,3,2,3,2,1,2,1,1,2,5,4,1,1,4,3,3,2,2,3,1,5,4,4,3,3,1,1,1,2,1,2
吉田＝統彦,2,2,3,3,3,5,4,2,3,4,3,3,3,3,1,3,2,2,3,3,2,2,2,3,3,4,4,3,2,5,5,5,5,3
身玉山＝宗三郎,5,1,1,1,1,3,2,3,2,3,1,2,5,3,1,2,3,3,2,3,3,3,2,4,3,4,5,2,1,2,1,2,2,5
大野＝宙光,6,5,5,3,5,5,2,3,5,5,5,5,1,3,3,5,1,2,4,4,1,3,4,1,5,3,2,5,5,5,5,5,5,4
東郷＝哲也,1,1,4,1,1,5,1,1,2,3,2,1,5,5,1,2,2,2,1,2,1,4,5,5,4,2,3,2,1,1,1,2,1,2
古川＝元久,2,2,4,3,5,4,4,4,2,2,3,4,3,3,3,3,2,3,2,4,4,2,4,2,4,5,3,2,2,4,4,4,4,2
黒田＝二郎,6,5,5,5,5,5,3,3,5,5,5,5,1,4,3,5,1,3,5,5,1,3,5,1,5,5,1,5,5,5,5,5,5,4
池田＝佳隆,1,1,3,2,2,4,1,1,4,3,3,3,5,4,1,2,5,3,1,3,3,3,2,3,3,2,1,4,1,2,1,3,2,2
近藤＝昭一,2,3,5,4,5,4,3,3,2,4,4,5,2,2,4,4,2,2,4,4,2,2,4,2,4,4,1,4,4,5,5,5,4,3
石川＝寿,6,5,5,5,5,5,4,5,5,5,5,5,1,3,5,5,1,3,4,5,1,2,5,1,5,5,1,5,5,5,5,5,5,4
工藤＝彰三,1,1,3,3,2,3,3,2,2,2,1,2,5,3,1,2,5,3,2,3,3,3,2,4,3,4,3,3,1,2,1,3,2,2
刀禰＝勝之,2,2,4,5,5,1,3,3,2,2,2,4,2,2,1,2,2,2,4,4,4,2,4,4,4,5,2,2,2,4,5,5,5,3
牧＝義夫,3,3,3,2,5,3,4,3,4,3,1,3,5,6,3,5,3,3,3,4,3,1,3,1,3,2,1,2,2,5,4,4,4,4
高橋＝祐介,6,5,5,3,5,5,2,3,5,5,5,5,1,3,4,5,1,2,4,4,1,2,4,1,4,3,2,5,5,5,5,5,5,4
神田＝憲次,1,1,3,3,2,3,1,2,3,3,2,3,5,5,1,2,4,3,2,3,3,3,3,3,4,4,5,3,1,1,1,4,2,2
赤松＝広隆,2,5,5,3,5,4,3,3,4,4,5,4,1,3,3,5,1,3,3,4,2,1,4,2,5,5,1,3,5,5,5,5,5,3
安田＝庄一,5,2,2,2,1,3,2,2,3,2,3,3,5,3,1,1,5,4,3,1,4,3,1,5,2,3,4,2,1,1,1,3,2,3
藤井＝博樹,6,5,5,3,5,5,2,3,5,5,5,5,1,3,3,5,1,2,4,4,1,3,4,1,5,3,2,5,5,5,5,5,5,4
丹羽＝秀樹,1,2,3,3,3,3,2,2,3,2,2,3,5,4,1,2,4,3,3,3,3,2,3,3,4,3,3,4,1,2,1,3,2,2
森本＝和義,2,2,2,3,5,4,3,3,2,4,3,3,3,2,3,3,2,3,3,3,3,2,2,3,3,4,2,2,2,5,5,4,4,5
柳沢＝けさ美,6,5,5,5,5,5,2,3,5,5,5,5,1,3,4,5,1,2,5,4,1,2,4,1,4,2,2,5,5,5,5,5,5,4
鈴木＝淳司,1,2,3,2,1,3,3,3,2,1,2,4,5,3,2,2,4,3,3,3,4,2,2,4,3,3,4,3,1,1,2,4,4,2
山尾＝志桜里,2,3,3,3,4,4,4,3,3,6,4,4,3,3,4,4,1,1,3,3,3,2,4,2,5,4,2,4,4,5,5,4,4,5
郷右近＝修,6,5,5,3,5,5,1,3,5,5,5,5,1,3,3,5,1,2,4,4,1,2,4,1,4,4,2,5,5,5,5,5,5,4
伊藤＝忠彦,1,2,5,2,1,1,1,1,1,1,2,1,5,1,1,1,5,4,3,3,3,2,2,4,1,2,4,1,1,2,1,3,2,2
伴野＝豊,2,3,3,3,4,3,2,3,3,3,3,3,2,2,2,3,2,3,2,3,4,3,3,3,4,3,2,3,3,4,4,5,5,3
長友＝忠弘,6,5,5,3,5,5,1,3,5,5,5,5,1,3,4,5,1,2,5,4,1,2,4,1,4,3,2,5,5,5,5,5,5,4
長坂＝康正,1,2,3,2,2,4,3,2,4,2,4,4,4,2,1,2,2,2,2,3,2,3,2,4,3,3,2,2,2,2,2,2,2,2
岡本＝充功,2,3,3,3,3,4,2,2,3,3,4,4,5,5,2,4,3,3,3,3,3,3,3,3,3,4,3,3,3,4,5,4,4,3
渡辺＝裕,6,5,5,5,5,5,5,5,5,5,5,5,1,2,5,5,1,1,5,5,1,2,5,1,5,5,1,5,5,5,5,5,5,4
江崎＝鉄磨,1,2,5,2,4,3,1,3,5,3,5,3,4,2,1,5,5,3,4,3,2,2,1,2,4,3,1,2,2,2,4,2,2,2
小林＝弘子,2,5,5,5,5,4,4,4,2,5,5,5,3,3,5,5,1,2,3,5,3,1,4,1,5,5,1,5,5,5,5,4,4,3
板倉＝正文,6,5,5,5,5,5,4,2,5,5,5,4,1,3,4,5,1,3,5,5,1,3,4,1,5,2,2,5,5,5,5,5,5,4
八木＝哲也,1,1,3,3,1,3,1,2,2,2,1,3,5,5,1,1,5,3,3,3,3,3,2,4,3,4,3,3,1,1,1,4,2,2
古本＝伸一郎,2,1,2,2,5,4,3,4,1,2,3,2,5,2,2,2,2,3,2,3,5,2,3,3,5,5,1,1,1,5,5,4,4,1
牧田＝充生,6,5,5,3,5,5,2,3,5,5,5,5,1,3,4,5,1,2,4,4,1,2,4,1,4,3,2,5,5,5,5,5,5,4
青山＝周平,1,1,3,3,2,3,1,2,2,2,1,3,5,5,1,1,5,3,3,3,3,3,1,4,3,4,3,3,1,1,1,4,2,2
重徳＝和彦,3,3,3,3,4,3,3,3,2,2,2,4,4,4,2,5,4,2,3,3,4,2,2,2,3,4,1,2,1,4,4,4,4,3
牧野＝次郎,6,5,5,5,5,5,3,3,5,5,5,5,1,3,5,5,1,1,5,5,1,3,5,1,5,5,1,5,5,5,5,5,5,4
大見＝正,1,1,3,3,1,3,1,2,2,2,1,3,5,5,1,1,5,3,3,3,3,3,1,3,3,4,4,3,1,1,1,4,2,2
大西＝健介,2,2,4,2,4,3,4,3,1,3,3,4,2,3,2,3,2,3,2,3,2,2,4,2,5,5,1,2,2,4,5,4,3,2
宮地＝勲,6,5,5,5,5,5,2,2,5,1,5,5,1,2,4,5,1,1,5,5,5,3,3,1,3,5,2,4,5,5,5,5,5,4
今枝＝宗一郎,1,3,3,3,3,4,2,2,2,3,2,3,4,3,2,3,3,3,4,3,3,4,3,3,4,2,2,4,1,3,2,3,3,2
鈴木＝克昌,2,2,3,3,2,3,2,2,4,3,1,3,4,3,2,4,3,3,4,4,2,3,3,1,4,3,3,2,2,4,5,3,3,4
袴田＝富治,6,5,5,5,5,5,2,3,5,5,5,5,1,3,4,5,1,2,4,4,1,2,4,1,4,3,2,5,5,5,5,5,5,4
根本＝幸典,1,1,3,3,1,3,1,2,2,2,2,2,5,4,1,1,3,3,2,3,3,3,1,4,3,4,4,3,1,1,1,4,2,2
関＝健一郎,2,2,4,4,4,4,2,4,2,2,4,3,4,2,3,3,2,3,2,4,4,2,4,3,4,5,1,2,4,5,5,5,5,2
串田＝真吾,6,5,5,5,5,5,2,3,5,5,5,5,1,3,4,5,1,2,5,4,1,2,4,1,4,3,2,5,5,5,5,5,5,4
川崎＝二郎,1,2,2,2,4,3,1,2,1,3,5,2,3,3,2,1,3,3,3,3,3,2,1,4,5,4,3,3,1,2,3,2,2,2
松田＝直久,3,1,2,3,2,3,3,3,2,1,1,3,5,2,2,4,3,2,2,2,5,3,2,3,4,4,2,1,1,4,4,4,3,4
橋本＝マサ子,6,5,5,3,5,5,2,3,5,5,5,5,1,3,3,5,1,2,4,4,1,3,4,1,5,3,2,5,5,5,5,5,5,4
島田＝佳和,1,1,3,3,1,3,1,2,1,2,1,4,5,5,1,1,5,3,3,3,3,3,2,4,3,4,2,3,1,1,1,4,2,2
中川＝正春,2,4,5,4,5,4,4,5,2,4,3,3,1,2,2,2,2,2,3,3,3,3,4,2,4,5,1,3,1,4,5,4,6,5
中野＝武史,6,5,5,3,5,5,2,3,5,5,5,5,1,3,4,5,1,2,5,5,1,2,4,1,4,4,2,5,5,5,5,5,5,4
嶋田＝幸司,1,2,2,2,4,3,1,2,1,3,5,2,3,3,2,1,3,3,3,3,3,2,1,4,5,4,3,3,1,2,3,2,2,2
岡田＝克也,2,3,5,2,5,4,5,4,2,4,5,3,2,2,2,3,1,3,3,4,5,2,4,3,5,5,1,1,2,4,5,5,5,5
釜井＝敏行,6,5,5,3,5,5,2,3,5,5,5,5,1,3,3,5,1,2,4,4,1,2,4,1,5,3,2,5,5,5,5,5,5,4
田村＝憲久,1,2,2,3,2,5,3,3,3,3,3,2,3,3,2,2,5,3,1,2,3,3,3,4,4,3,4,2,2,1,1,3,3,2
松木＝豊年,6,5,5,3,5,5,2,3,5,5,5,5,1,3,4,5,1,2,4,4,1,3,4,1,5,3,2,5,5,5,5,5,5,4
藤田＝大助,2,2,3,3,3,4,3,4,2,2,2,4,3,2,3,2,4,2,3,4,4,2,3,3,4,4,2,4,2,4,5,5,5,2
三ツ矢＝憲生,1,3,3,4,3,2,2,2,2,4,5,3,4,3,3,2,4,4,4,4,3,2,3,4,4,4,4,4,3,3,2,3,2,2
内藤＝弘一,6,5,5,3,5,5,2,3,5,5,5,5,1,3,4,5,1,2,4,4,1,3,4,1,5,3,2,5,5,5,5,5,5,4
大岡＝敏孝,1,2,2,3,3,4,2,2,1,1,4,2,5,3,1,1,4,2,2,2,2,3,2,5,2,4,5,4,1,2,2,3,1,2
川端＝達夫,2,2,3,3,4,4,4,3,2,1,4,3,2,3,3,2,2,2,2,5,2,2,4,3,5,5,2,2,2,5,5,5,4,2
佐藤＝耕平,6,5,5,3,5,5,2,3,5,5,5,5,1,3,4,5,1,2,4,4,1,2,4,1,5,3,2,5,5,5,5,5,5,4
上野＝賢一郎,1,2,3,2,2,3,2,2,2,3,4,4,5,3,2,3,4,3,2,3,2,2,3,3,6,3,2,2,1,2,2,4,4,2
田島＝一成,2,3,4,4,5,4,4,4,2,2,4,5,2,2,3,5,2,2,4,4,3,2,4,2,5,5,2,2,4,5,5,5,5,3
中川＝睦子,6,5,5,5,5,5,6,5,5,5,5,5,1,6,6,5,1,6,5,6,6,6,6,1,5,6,1,5,5,5,5,5,5,4
武村＝展英,1,1,4,1,2,3,3,2,2,2,2,2,5,4,1,2,4,3,3,2,3,3,2,4,4,4,3,3,1,1,2,3,3,2
小川＝泰江,2,3,4,2,4,3,4,4,4,4,5,3,2,3,3,5,1,1,3,4,3,3,5,2,4,4,1,4,6,5,5,4,4,3
西川＝仁,6,5,5,3,5,5,1,3,5,5,5,5,1,3,4,5,1,2,4,4,1,3,4,1,4,3,2,5,5,5,5,5,5,4
武藤＝貴也,1,1,2,1,1,4,1,1,3,6,1,2,5,5,1,1,5,5,1,2,1,3,3,5,3,1,4,3,1,1,1,4,1,4
徳永＝久志,2,2,3,3,5,4,4,4,3,2,4,4,3,3,3,4,2,2,2,4,3,3,4,2,5,5,2,2,4,5,5,5,5,3
岩永＝裕貴,3,1,6,1,1,3,2,6,4,1,6,3,5,3,1,3,3,2,2,3,6,2,3,2,6,5,4,6,1,4,4,3,4,5
西沢＝耕一,6,5,5,3,5,5,2,3,5,5,5,5,1,3,3,5,1,2,5,5,1,3,4,1,4,4,2,5,5,5,5,5,5,4
田坂＝幾太,3,1,3,2,4,2,3,4,2,2,1,4,3,3,3,5,6,2,2,4,4,2,3,2,5,4,1,1,1,4,5,5,5,3
穀田＝恵二,6,5,5,3,5,5,1,3,5,5,5,5,1,3,4,5,1,2,5,5,1,2,5,1,4,4,2,5,5,5,5,5,5,4
上中＝康司,1,1,3,3,2,2,1,1,4,1,2,2,5,1,1,1,5,3,5,2,3,2,1,4,4,1,4,2,1,1,1,3,2,3
前原＝誠司,2,2,3,3,5,4,4,3,1,2,2,3,4,2,2,2,1,2,1,3,3,3,6,2,5,5,1,3,1,5,4,4,4,5
原＝俊史,6,5,5,3,5,5,1,3,5,5,5,5,1,3,4,5,1,2,4,5,1,2,4,1,5,3,1,5,5,5,5,5,5,4
宮崎＝謙介,1,2,1,2,2,3,2,1,2,1,2,2,3,2,1,1,3,2,2,2,1,3,1,4,4,2,3,3,1,1,1,2,2,4
泉＝健太,2,3,2,4,5,3,3,4,2,4,4,4,4,4,2,3,1,4,2,4,4,1,5,2,5,4,3,4,3,4,4,2,3,2
清水＝鴻一郎,3,3,3,3,5,3,4,4,3,3,1,3,4,3,3,4,4,2,2,3,4,2,3,2,4,4,1,1,1,4,5,5,5,3
石村＝和子,6,5,5,3,5,5,1,3,5,5,5,5,1,3,4,5,1,2,4,5,1,2,5,1,5,3,2,5,5,5,5,5,5,4
田中＝英之,1,3,3,2,3,3,3,2,2,3,3,2,5,3,2,2,4,3,2,3,3,3,3,3,2,3,4,3,1,2,2,4,4,2
北神＝圭朗,2,2,3,2,3,4,3,2,3,3,3,3,5,4,1,3,4,4,2,2,3,3,3,3,5,4,2,2,1,4,4,5,5,3
畑本＝久仁枝,3,2,2,3,1,3,2,3,2,3,1,3,5,3,1,3,4,3,2,2,4,2,2,4,2,4,4,2,1,2,2,4,4,3
吉田＝幸一,6,5,5,3,5,5,1,3,5,5,5,5,1,3,4,5,1,2,5,5,1,2,4,1,4,3,2,5,5,5,5,5,5,4
谷垣＝禎一,1,1,3,3,4,3,1,2,2,2,1,3,5,5,1,1,5,3,2,3,3,3,1,4,3,4,3,3,1,1,1,4,2,2
小原＝舞,2,2,3,3,5,4,2,3,2,3,4,3,4,4,2,4,2,2,3,4,2,2,2,2,4,4,1,4,2,5,5,5,4,5
山内＝健,6,5,5,3,5,5,1,3,5,5,5,5,1,3,4,5,1,2,4,5,1,2,5,1,5,3,1,5,5,5,5,5,5,4
安藤＝裕,1,1,3,3,1,4,1,1,3,4,5,3,5,5,2,1,4,5,3,4,2,2,1,4,2,1,3,5,1,2,2,4,2,2
山井＝和則,2,3,3,3,5,5,3,3,3,5,5,3,2,5,3,4,1,1,3,3,3,3,4,3,5,4,1,2,4,5,5,5,5,2
上條＝亮一,6,5,5,3,5,5,1,3,5,5,5,5,1,3,4,5,1,2,4,5,1,2,5,1,5,4,1,5,5,5,5,5,5,4
大西＝宏幸,1,1,2,3,1,4,2,2,1,1,3,3,5,4,1,3,5,3,2,4,2,3,2,4,2,4,4,2,1,1,1,2,2,3
井上＝英孝,3,2,3,3,4,2,3,3,3,2,1,4,3,3,3,5,3,3,2,3,4,2,3,2,5,4,1,1,1,4,5,5,5,3
柴山＝昇,6,5,5,3,5,5,2,3,5,5,5,5,1,3,3,5,1,2,4,4,1,2,4,1,5,3,2,5,5,5,5,5,5,4
左藤＝章,1,1,3,3,2,3,2,2,3,2,2,2,4,3,2,2,3,3,3,3,2,2,2,4,4,4,4,4,1,2,1,2,2,2
椎木＝保,3,3,5,2,3,2,2,4,4,5,2,3,3,3,2,5,3,2,3,4,2,3,3,3,3,3,3,3,3,4,5,5,5,4
山本＝陽子,6,5,5,3,5,5,2,3,5,5,5,5,1,3,4,5,1,2,4,4,1,3,4,1,4,5,4,5,5,5,5,5,5,4
佐藤＝茂樹,4,2,5,4,5,2,2,2,4,2,2,4,1,2,2,2,1,2,1,4,2,2,2,4,4,5,2,4,2,1,1,2,2,2
渡部＝結,6,5,5,3,5,5,2,3,5,5,5,5,1,3,3,5,1,2,4,4,1,2,4,1,5,4,2,5,5,5,5,5,5,4
中山＝泰秀,1,1,3,3,1,3,1,2,2,2,2,3,5,5,1,1,5,3,1,3,3,3,1,4,3,4,3,3,1,1,1,4,2,2
吉村＝洋文,3,1,2,2,1,4,3,3,3,2,1,4,4,3,3,5,2,3,1,2,5,2,3,2,5,4,1,1,1,4,5,5,5,3
清水＝忠史,6,5,5,3,5,5,2,3,5,5,5,5,1,3,3,5,1,2,4,4,1,2,4,1,4,3,2,5,5,5,5,5,5,4
国重＝徹,4,3,5,3,5,4,2,1,3,2,3,3,1,2,3,3,2,1,3,3,3,3,4,3,4,3,3,3,2,2,2,4,4,2
石井＝美鈴,6,5,5,3,5,5,2,3,5,5,5,5,1,3,3,5,1,2,4,4,1,3,4,1,5,3,2,5,5,5,5,5,5,4
伊佐＝進一,4,2,4,4,5,4,2,1,3,2,3,4,2,3,4,3,2,3,3,3,3,3,4,3,4,4,2,3,2,2,1,3,2,2
渡司＝考一,6,5,5,3,5,5,2,3,5,5,5,5,1,3,3,5,1,2,4,4,1,3,4,1,5,3,2,5,5,5,5,5,5,4
渡嘉敷＝奈緒美,1,1,2,3,1,4,2,2,1,3,3,2,5,3,1,2,4,3,5,2,4,2,1,5,2,4,2,2,1,1,1,2,2,2
上西＝小百合,3,2,3,3,4,2,3,3,2,2,1,4,4,3,2,5,4,2,2,3,4,2,4,2,5,4,1,1,1,4,5,5,5,3
村口＝久美子,6,5,5,3,5,5,2,5,5,5,5,5,1,3,3,5,1,1,5,4,1,2,5,1,5,4,2,5,5,5,5,5,5,4
大塚＝高司,1,1,3,3,2,3,1,2,2,2,1,1,5,5,1,1,5,3,3,3,3,3,1,4,3,4,3,3,1,1,1,4,2,2
木下＝智彦,3,1,2,3,3,1,3,4,2,1,1,4,4,2,1,5,2,3,1,2,5,3,3,2,4,4,1,1,1,3,4,5,5,3
上田＝孝之,5,1,2,2,1,3,3,2,1,1,2,2,5,4,1,1,5,4,2,2,4,3,2,5,2,3,2,2,1,1,1,3,2,2
山端＝光子,6,5,5,3,5,5,2,3,5,5,5,5,1,3,4,5,1,2,4,4,1,3,4,1,5,3,2,5,5,5,5,5,5,4
原田＝憲治,1,1,3,3,3,3,1,2,2,2,2,3,5,5,1,1,5,3,2,3,3,3,1,4,3,4,3,3,1,1,1,4,2,2
足立＝康史,3,2,3,2,4,2,2,4,4,1,1,3,5,2,2,4,3,3,2,2,5,3,4,5,5,4,2,2,1,2,4,5,5,3
垣田＝千恵子,6,5,5,3,5,5,1,1,5,5,5,5,5,3,3,5,1,3,5,5,1,3,5,1,5,4,1,5,5,5,5,5,5,4
大隈＝和英,1,1,2,1,1,5,1,1,2,2,2,2,5,2,1,1,4,3,1,2,2,3,3,4,3,2,3,3,1,1,1,2,1,2
辻元＝清美,2,4,5,5,5,4,4,4,3,4,5,5,2,3,3,5,1,1,4,4,2,3,5,2,5,5,1,4,5,5,5,4,4,2
松浪＝健太,3,2,2,2,1,2,4,4,2,2,1,3,5,3,3,1,5,4,2,2,4,2,2,4,3,4,3,2,1,2,2,4,4,2
浅沼＝和仁,6,5,5,3,5,5,2,3,5,5,5,5,1,3,4,5,1,2,4,5,1,2,4,1,5,3,2,5,5,5,5,5,5,4
平野＝博文,2,3,3,2,4,3,3,2,4,2,3,3,4,2,2,2,4,3,2,3,4,3,3,3,3,4,2,3,2,4,4,4,5,3
伊東＝信久,3,1,3,2,4,1,3,4,2,2,1,4,4,4,4,5,3,2,1,2,4,1,4,2,5,4,1,1,1,4,5,5,5,3
佐藤＝ゆかり,1,1,3,3,3,3,1,2,2,1,3,3,5,5,1,3,3,1,2,3,4,6,3,4,4,4,3,2,2,1,1,2,1,3
三和＝智之,6,5,5,3,5,5,2,3,5,5,5,5,1,3,4,5,1,2,4,5,1,3,4,1,4,3,2,5,5,5,5,5,5,4
北川＝知克,1,2,3,3,3,3,2,2,2,2,3,3,5,3,2,2,4,3,2,3,3,3,3,4,3,4,3,3,2,2,2,3,2,2
堅田＝壮一郎,3,2,2,2,3,2,3,3,3,2,1,4,5,3,3,4,3,3,2,3,5,2,3,2,5,4,1,1,1,4,3,5,5,3
樽床＝伸二,2,2,2,3,3,3,3,3,2,3,4,3,3,3,3,2,3,2,3,4,3,3,3,4,3,3,2,3,2,3,3,5,5,3
吉井＝芳子,6,5,5,5,5,5,2,3,5,5,5,5,1,3,3,5,1,2,5,4,1,2,4,1,5,4,2,5,5,5,5,5,5,4
宗清＝皇一,1,1,2,3,2,3,2,2,2,3,3,2,5,4,2,1,5,3,3,3,3,2,3,3,3,4,3,4,1,1,2,3,2,2
西野＝弘一,5,1,1,1,1,1,2,3,3,1,2,3,5,5,2,1,5,5,1,2,4,3,1,5,1,4,5,2,1,2,2,4,4,2
荒谷＝恵美子,6,5,5,3,5,5,2,3,5,5,5,5,1,3,4,5,1,2,4,4,1,2,4,1,5,3,2,5,5,5,5,5,5,4
谷畑＝孝,3,1,3,3,4,2,3,3,2,1,1,4,3,2,3,2,3,2,1,3,4,3,3,4,4,4,1,1,1,3,3,5,5,2
三宅＝博,5,1,1,1,1,3,2,4,2,1,2,3,5,5,1,3,4,4,2,3,3,3,1,4,3,4,3,2,1,2,1,3,4,5
長尾＝敬,1,1,2,1,1,4,1,1,2,1,2,1,5,4,1,1,5,3,1,2,2,2,1,4,4,1,4,2,1,1,1,4,1,3
野沢＝倫昭,6,5,5,3,5,5,2,3,5,5,5,5,1,3,4,5,1,2,4,4,1,3,4,1,4,3,2,5,5,5,5,5,5,4
竹本＝直一,1,2,3,3,2,4,1,1,2,2,1,4,5,3,2,2,5,2,1,3,3,3,2,4,2,2,2,2,2,2,2,3,2,2
浦野＝靖人,3,2,3,2,1,1,3,3,3,3,1,2,5,4,2,2,3,3,2,3,4,2,3,4,2,4,2,1,1,2,2,4,3,3
為＝仁史,6,5,5,3,5,5,2,5,5,5,5,6,1,3,3,5,1,2,4,4,1,2,4,1,4,4,2,5,5,5,5,5,5,4
森山＝浩行,2,3,4,3,3,4,4,3,2,3,3,3,2,3,3,3,2,2,3,4,4,2,4,3,4,4,4,3,2,4,5,5,5,3
北側＝一雄,4,3,5,3,5,3,4,3,3,2,4,4,2,2,3,3,2,2,1,3,3,3,3,3,4,4,1,2,1,2,2,2,2,2
西村＝真悟,5,1,1,1,1,3,1,1,3,2,4,1,5,5,1,1,5,5,2,3,2,2,2,4,1,2,5,4,1,1,1,5,4,4
益＝修一,6,5,5,3,5,5,2,3,5,5,5,5,1,3,3,5,1,2,4,4,1,2,4,1,5,4,2,5,5,5,5,5,5,4
岡下＝昌平,1,1,2,1,1,4,1,1,1,3,2,2,5,4,1,2,5,3,4,2,3,3,2,4,3,3,2,1,1,2,1,2,2,2
馬場＝伸幸,3,1,1,1,1,1,4,2,1,1,1,2,5,2,1,3,3,3,1,1,4,4,2,2,2,4,4,1,1,1,1,4,3,2
吉岡＝孝嘉,6,5,5,5,5,5,4,5,5,5,5,1,1,3,4,5,2,3,5,5,1,2,3,1,5,5,1,5,5,5,5,5,5,4
神谷＝昇,1,1,2,2,1,4,2,2,2,2,2,2,3,2,1,1,1,3,1,2,1,2,2,4,3,3,2,1,2,2,2,3,3,3
遠藤＝敬,3,2,2,2,4,2,3,4,3,2,1,4,4,3,1,5,5,2,2,3,4,2,3,2,5,4,1,1,1,4,5,5,5,3
矢野＝忠重,6,5,5,3,5,5,2,3,5,5,5,5,1,3,4,5,1,2,4,4,1,2,4,1,4,4,2,5,5,5,5,5,5,4
谷川＝とむ,1,1,3,3,1,3,1,2,3,2,3,3,5,4,1,3,4,4,3,3,3,3,2,3,1,4,2,2,1,2,2,2,2,2
長安＝豊,2,2,3,3,4,5,3,3,2,2,3,3,4,3,2,4,2,3,3,3,4,2,3,3,4,4,2,2,3,4,4,4,4,2
丸山＝穂高,3,1,3,2,2,3,4,2,2,2,1,3,5,4,1,2,4,4,2,2,4,3,4,3,4,4,4,2,1,4,2,5,5,3
北村＝みき,6,5,5,3,5,5,2,3,5,5,5,5,1,3,3,5,1,2,4,4,1,3,4,1,5,4,2,5,5,5,5,5,5,4
盛山＝正仁,1,1,3,3,4,4,2,1,2,2,5,2,3,2,2,1,2,3,2,2,4,2,2,4,5,3,1,4,2,1,1,4,3,2
井坂＝信彦,3,2,4,2,4,3,4,5,5,2,3,4,5,3,2,5,3,2,2,3,5,2,4,2,4,4,2,1,2,5,5,4,5,3
筒井＝哲二朗,6,5,5,4,5,5,2,3,5,5,5,5,1,3,2,5,1,1,5,5,1,2,4,1,5,4,1,5,5,5,5,5,5,4
向山＝好一,2,1,1,2,4,4,4,4,2,4,3,4,5,3,2,2,3,2,4,4,2,2,2,6,2,4,6,2,2,3,2,5,5,5
平松＝順子,6,5,5,4,5,5,2,3,5,5,5,5,1,3,3,5,1,1,5,5,1,2,4,1,5,4,1,5,5,5,5,5,5,4
赤羽＝一嘉,4,3,5,2,4,4,2,2,3,2,4,2,2,3,3,2,2,2,2,3,4,2,3,3,4,4,2,2,2,2,2,2,2,2
関＝芳弘,1,1,3,2,2,3,1,2,3,1,2,3,4,3,1,1,4,2,1,2,3,3,3,5,4,5,3,1,1,2,2,2,2,2
横畑＝和幸,2,3,5,5,5,5,3,3,2,1,1,3,2,3,2,2,2,3,4,5,4,1,3,2,4,3,2,3,4,5,5,5,5,1
新原＝秀人,3,2,2,2,3,3,3,4,3,3,2,3,3,2,1,3,3,3,2,4,3,2,2,2,3,4,2,2,1,3,3,4,4,4
冨士谷＝香恵子,6,5,5,4,5,5,2,3,5,5,5,5,1,3,2,5,1,1,5,5,1,2,4,1,5,4,1,5,5,5,5,5,5,4
藤井＝比早之,1,1,3,3,2,3,1,2,2,2,1,3,5,3,1,3,5,3,2,3,3,3,2,4,3,4,3,3,1,1,1,4,2,2
永井＝寿也,3,2,3,3,4,1,3,4,3,2,1,4,3,3,3,5,2,2,2,2,4,2,3,2,5,4,1,1,1,4,5,5,5,3
林＝政人,6,5,5,5,5,5,3,3,5,5,5,5,1,3,5,5,1,3,5,5,1,2,5,1,5,4,4,5,5,5,5,5,5,4
谷＝公一,1,1,3,3,3,4,2,2,1,3,5,3,5,3,2,2,3,2,1,3,2,3,2,4,5,4,2,2,1,2,2,2,2,2
三木＝圭恵,3,1,5,2,1,2,2,4,2,3,2,2,5,3,1,4,5,2,3,3,4,2,2,3,2,5,2,2,1,2,2,4,4,3
西中＝孝男,6,5,5,4,5,5,2,3,5,5,5,5,1,3,2,5,1,1,5,5,1,2,4,1,5,4,1,5,5,5,5,5,5,4
大串＝正樹,1,1,3,3,2,3,1,2,2,2,1,3,5,5,1,1,1,3,3,3,3,3,1,4,3,4,4,3,1,1,1,4,2,2
辻＝泰弘,2,2,5,2,5,4,4,4,2,2,5,4,1,5,4,3,1,1,3,4,3,2,5,3,5,4,1,4,2,5,5,4,4,2
杉田＝水脈,5,1,1,1,1,3,2,4,2,1,2,3,5,5,1,3,4,4,2,3,3,3,1,4,3,4,3,2,1,2,1,3,4,5
吉岡＝健次,6,5,5,4,5,5,2,3,5,5,5,5,1,3,2,5,1,1,5,5,1,2,4,1,5,4,1,5,5,5,5,5,5,4
山田＝賢司,1,1,1,1,1,5,1,1,3,2,3,3,5,4,1,1,5,3,1,3,3,1,3,3,3,3,3,3,1,1,1,2,2,3
石井＝登志郎,2,3,5,4,5,4,3,3,3,4,4,3,4,4,2,4,4,2,3,4,2,2,3,3,4,5,1,3,3,4,4,4,4,2
畠中＝光成,3,2,3,2,3,2,5,4,5,1,2,4,5,4,3,5,3,2,2,2,5,3,3,2,4,4,1,1,2,5,5,4,4,3
浜本＝鶴男,6,5,5,4,5,5,2,3,5,5,5,5,1,3,2,5,1,1,5,5,1,2,4,1,5,4,1,5,5,5,5,5,5,4
中野＝洋昌,4,2,4,2,4,4,2,1,3,2,4,2,1,4,3,2,2,1,2,4,4,4,5,3,5,3,2,2,2,2,2,4,4,2
庄本＝悦子,6,5,5,5,5,5,1,1,5,5,5,5,1,1,5,5,1,1,5,5,1,2,5,1,5,5,4,4,5,5,5,5,5,4
西村＝康稔,1,1,2,2,2,5,3,2,3,1,2,3,5,3,1,1,5,2,3,3,4,3,3,5,4,5,4,3,1,1,1,2,2,2
新町＝美千代,6,5,5,4,5,5,2,3,5,5,5,5,1,3,2,5,1,1,5,5,1,2,4,1,5,4,1,5,5,5,5,5,5,4
渡海＝紀三朗,1,1,3,3,3,3,3,2,2,2,3,2,5,3,1,2,2,2,3,3,2,2,3,3,4,4,3,2,1,2,2,4,2,2
松井＝雅博,3,3,4,3,4,3,3,4,2,2,2,3,4,2,2,4,3,3,2,3,4,2,3,3,4,4,2,2,1,4,4,4,4,5
井沢＝孝典,6,5,5,4,5,5,2,3,5,5,5,5,1,3,4,5,1,1,5,5,1,2,5,1,5,4,1,5,5,5,5,5,5,4
頭師＝暢秀,1,2,3,2,2,2,2,3,2,2,4,4,5,3,1,3,3,3,2,2,2,2,3,3,3,3,3,2,1,2,2,4,2,5
松本＝剛明,2,2,3,3,5,5,3,2,2,3,4,4,4,3,3,2,1,2,1,3,3,2,4,4,4,5,3,4,1,4,2,5,4,2
苦瓜＝一成,6,5,5,4,5,5,2,3,5,5,5,5,1,3,2,5,1,1,5,5,1,2,4,1,5,4,1,5,5,5,5,5,5,4
村上＝賀厚,3,4,4,4,5,3,4,2,2,3,3,4,2,1,5,5,1,1,3,3,4,2,5,4,4,5,1,1,1,5,5,4,5,3
堀＝譲,6,5,5,4,5,5,2,3,5,5,5,5,1,3,2,5,1,1,5,5,1,2,4,1,5,4,1,5,5,5,5,5,5,4
小林＝茂樹,1,1,3,2,2,4,2,1,1,3,1,3,5,3,1,1,4,3,2,2,2,2,2,4,3,2,3,4,1,2,2,3,4,2
馬淵＝澄夫,2,2,4,3,4,5,4,4,5,2,4,4,3,2,2,4,2,2,4,3,2,3,3,2,4,3,4,2,2,5,5,3,5,2
谷川＝和広,6,5,5,3,5,5,1,5,5,5,5,5,1,3,4,5,1,2,4,4,1,2,4,1,5,3,3,5,5,5,5,5,5,4
高市＝早苗,1,1,3,3,2,3,2,2,2,2,1,1,5,5,1,1,5,3,2,3,2,3,3,4,3,4,2,3,1,1,1,4,2,2
和泉＝信丈,6,5,5,3,5,5,1,3,5,5,5,5,1,3,3,5,1,2,5,4,1,3,4,1,5,2,2,5,5,5,5,5,5,4
奥野＝信亮,1,1,3,3,1,3,2,2,2,2,1,2,5,5,1,1,5,3,1,3,3,3,1,4,3,4,3,3,1,1,1,4,2,2
栗原＝絵里子,3,1,5,5,3,2,2,5,1,5,2,3,2,4,1,5,1,2,4,5,4,1,2,2,4,5,1,3,2,4,5,5,4,4
正木＝敦,6,5,5,3,5,5,1,3,5,5,5,5,1,3,4,5,1,2,4,4,1,3,4,1,5,3,2,5,5,5,5,5,5,4
田野瀬＝太道,1,3,2,3,2,2,3,4,2,2,3,2,3,4,2,2,2,2,2,2,3,2,3,4,3,4,2,2,1,2,2,2,2,2
大西＝孝典,2,3,3,3,4,5,3,4,4,4,4,3,3,3,4,3,2,2,1,4,2,2,1,3,4,4,2,3,1,4,5,5,5,5
山崎＝タヨ,6,5,5,3,5,5,2,3,5,5,5,5,1,3,3,5,1,2,4,5,1,2,4,1,5,3,2,5,5,5,5,5,5,4
門＝博文,1,1,3,3,2,3,1,2,2,2,1,3,5,5,1,1,5,3,3,3,3,3,1,4,3,4,4,3,1,1,1,4,2,2
岸本＝周平,2,2,2,2,5,4,3,4,2,2,2,2,2,2,2,2,2,2,2,3,5,3,3,3,5,5,1,2,1,4,4,5,5,2
国重＝秀明,6,5,5,5,5,5,4,4,5,5,5,5,1,2,5,5,1,2,5,5,1,2,4,1,5,5,2,5,5,5,5,5,5,4
石田＝真敏,1,2,3,3,3,3,2,2,2,2,2,2,5,5,1,1,5,3,2,3,3,3,2,4,3,4,3,3,1,1,1,4,2,2
阪口＝直人,3,2,3,2,5,2,3,4,2,2,2,4,3,2,3,5,2,3,4,3,5,1,3,1,4,5,1,1,1,4,5,5,5,3
富岡＝清彦,6,5,5,5,5,5,4,4,5,5,5,5,1,2,5,5,1,2,5,5,1,2,4,1,5,5,2,5,5,5,5,5,5,4
二階＝俊博,1,2,3,3,2,3,2,2,2,2,2,3,2,2,2,1,3,2,3,2,2,3,2,4,3,3,4,2,2,2,2,2,2,2
原＝矢寸久,6,5,5,5,5,5,4,4,5,5,5,5,1,2,5,5,1,2,5,5,1,2,4,1,5,5,2,5,5,5,5,5,5,4
石破＝茂,1,1,3,2,3,3,2,3,1,3,2,2,5,4,2,1,3,3,3,3,3,3,4,4,4,4,2,3,1,1,1,2,2,2
塚田＝成幸,6,5,5,5,5,3,3,3,5,5,5,5,1,3,5,5,1,3,5,5,1,1,5,1,5,4,1,5,5,5,5,5,5,4
赤沢＝亮正,1,1,2,1,3,4,2,2,1,2,2,3,5,4,1,1,5,2,2,3,3,3,3,3,3,4,3,4,1,1,1,4,2,2
湯原＝俊二,2,3,5,4,5,5,4,4,2,4,5,4,1,4,2,5,2,4,3,5,3,2,5,2,5,5,1,5,2,5,5,5,5,5
福住＝英行,6,5,5,5,5,3,3,3,5,5,5,5,1,3,5,5,1,3,5,5,1,1,5,1,5,4,1,5,5,5,5,5,5,4
細田＝博之,1,2,3,3,3,3,2,3,3,3,1,3,3,3,2,1,2,3,1,2,2,3,3,5,3,4,3,3,1,2,2,2,2,2
和田＝章一郎,2,3,5,2,5,5,2,3,4,5,5,4,2,3,5,3,1,1,3,4,2,1,4,2,4,5,2,5,6,5,5,5,5,5
上代＝善雄,6,5,5,5,5,3,4,4,5,5,5,5,1,3,3,5,1,1,5,5,1,3,5,1,5,5,2,5,5,5,5,4,4,4
竹下＝亘,1,2,3,3,3,3,1,2,2,2,1,3,5,5,1,1,5,3,6,3,3,3,1,4,3,4,4,3,1,1,1,4,2,2
向瀬＝慎一,6,5,5,5,5,3,4,4,5,5,5,5,1,3,3,5,1,1,5,5,1,3,5,1,5,5,2,5,5,5,5,4,4,4
逢沢＝一郎,1,1,2,3,3,4,3,2,2,2,2,2,4,2,1,1,5,3,6,2,5,6,6,5,3,4,1,2,1,1,1,2,2,2
高井＝崇志,3,3,3,3,4,3,4,3,3,2,2,4,2,2,2,4,2,2,4,3,3,1,5,2,4,4,2,2,1,4,4,3,3,3
向谷＝千鳥,6,5,5,5,5,5,3,5,5,5,5,5,1,5,5,5,1,1,5,4,1,2,5,1,5,5,1,5,5,5,5,5,5,4
山下＝貴司,1,2,3,3,1,3,2,2,3,1,3,3,4,1,1,1,4,3,3,3,3,3,3,4,3,4,3,3,1,2,1,2,3,2
津村＝啓介,2,6,6,3,5,5,1,1,1,1,1,3,2,1,5,2,1,5,1,4,5,2,5,3,5,5,3,3,1,4,4,4,3,2
井上＝素子,6,5,5,5,5,5,3,5,5,5,5,5,1,5,5,5,1,1,5,4,1,2,5,1,5,5,1,5,5,5,5,5,5,4
阿部＝俊子,1,2,3,3,6,3,2,3,3,2,2,3,6,6,2,2,3,3,4,3,3,2,3,4,3,4,2,3,2,2,2,2,2,2
平沼＝赳夫,5,1,1,1,1,3,2,1,2,3,2,2,5,5,1,1,4,4,1,3,2,2,1,4,4,2,3,4,1,2,2,5,4,2
古松＝国昭,6,5,5,5,5,5,3,5,5,5,5,5,1,5,5,5,1,1,5,4,1,2,5,1,5,5,1,5,5,5,5,5,5,4
橋本＝岳,1,2,3,3,2,4,4,2,2,2,3,2,5,4,3,2,4,3,2,2,3,2,3,4,3,3,4,4,1,1,1,4,4,2
柚木＝道義,2,5,5,4,5,5,4,6,2,4,5,5,1,4,4,5,1,4,4,5,2,1,5,1,5,4,1,5,2,4,5,5,4,5
垣内＝雄一,6,5,5,5,5,5,3,5,5,5,5,5,1,5,5,5,1,1,5,4,1,2,5,1,5,5,1,5,5,5,5,5,5,4
加藤＝勝信,1,2,3,2,2,3,3,2,2,1,2,3,5,4,1,1,5,2,3,3,4,3,2,4,4,4,2,2,1,1,1,3,2,2
美見＝芳明,6,5,5,5,5,5,3,5,5,5,5,5,1,5,5,5,1,1,5,4,1,2,5,1,5,5,1,5,5,5,5,5,5,4
岸田＝文雄,1,2,3,3,6,3,2,2,3,2,3,3,4,3,2,2,4,2,2,2,3,3,3,4,4,4,3,2,2,1,1,3,2,2
白坂＝理香,3,2,3,3,4,2,3,3,2,2,1,4,3,3,3,5,4,2,2,3,4,2,3,2,5,4,1,1,1,4,5,5,5,3
伊藤＝真二,5,2,1,3,1,4,1,2,2,2,1,2,5,3,5,1,3,3,4,4,3,4,2,2,2,3,2,2,1,1,2,4,3,3
大西＝理,6,5,5,3,5,5,2,3,5,5,5,5,1,3,3,5,1,2,4,4,1,3,4,1,4,3,2,5,5,5,5,5,5,4
平口＝洋,1,3,3,4,3,3,4,3,4,2,4,3,3,2,2,4,3,3,3,2,2,3,3,3,2,4,4,2,2,3,3,2,2,4
松本＝大輔,2,2,3,3,5,4,3,4,3,3,3,4,3,3,3,4,2,2,3,3,3,3,5,2,5,5,1,3,3,5,5,5,5,2
藤本＝聡志,6,5,5,3,5,5,2,3,5,5,5,5,1,3,4,5,1,2,4,4,1,3,4,1,5,3,2,5,5,5,5,5,5,4
河井＝克行,1,1,2,2,3,2,2,2,3,2,2,2,5,3,2,2,3,2,1,2,4,3,2,4,5,2,1,3,1,1,1,2,1,2
橋本＝博明,2,2,4,3,5,4,4,4,3,4,3,3,3,3,2,2,3,2,3,4,3,2,3,3,3,5,3,4,3,4,5,4,4,5
清水＝貞子,6,5,5,3,5,5,1,3,5,5,5,5,1,3,3,5,1,2,5,5,1,2,4,1,5,3,2,5,5,5,5,5,5,4
中川＝俊直,1,2,3,3,3,3,2,3,3,1,1,3,5,5,3,2,4,3,2,3,3,3,1,4,3,4,4,3,1,2,2,4,2,2
中丸＝啓,5,1,1,1,1,3,2,3,3,2,2,3,5,5,1,3,4,3,3,3,2,3,1,4,2,4,3,2,1,2,2,3,4,5
中石＝仁,6,5,5,3,5,5,2,3,5,5,5,5,1,3,4,5,1,2,5,5,1,2,5,1,5,4,2,5,5,5,5,5,5,4
寺田＝稔,1,1,3,1,3,4,1,1,1,2,4,2,3,3,1,1,4,4,2,2,2,3,3,5,2,2,2,3,1,2,2,2,2,2
尾崎＝光,6,5,5,5,5,5,3,3,5,5,5,5,1,2,5,5,1,1,5,5,2,3,5,1,5,5,1,5,5,5,5,5,5,4
小島＝敏文,1,1,1,1,1,3,1,1,2,1,4,2,5,2,1,1,3,4,1,2,2,2,2,5,1,1,2,2,1,1,1,2,1,2
寺田＝明充,6,5,5,3,5,5,1,3,5,5,5,5,1,3,3,5,1,2,4,4,2,4,1,1,5,3,2,5,5,5,5,5,4,4
小林＝史明,1,1,2,2,2,4,2,2,3,2,2,6,5,3,1,1,4,1,2,4,2,2,4,4,5,4,5,4,1,1,2,3,2,2
村田＝享子,2,3,3,3,5,4,3,4,3,3,3,4,3,3,3,2,2,2,3,4,3,2,5,3,5,5,1,4,4,5,5,5,5,2
坂元＝大輔,5,1,2,1,1,2,3,3,2,2,1,2,5,4,1,2,5,4,2,3,4,2,2,3,1,5,4,2,1,2,3,4,4,2
小浜＝一輝,6,5,5,3,5,5,1,3,5,5,5,5,1,3,3,5,1,2,4,4,1,3,4,1,4,3,2,5,5,5,5,5,5,4
高邑＝勉,3,3,3,3,3,3,3,3,3,2,1,2,4,4,2,4,3,2,3,2,3,2,3,2,2,4,1,1,1,4,4,4,3,3
藤井＝直子,6,5,5,5,5,5,4,3,5,5,5,5,1,2,5,5,1,3,5,5,1,2,5,1,5,3,1,5,5,5,5,5,4,4
岸＝信夫,1,2,4,3,1,3,2,3,2,1,3,2,4,2,1,2,3,1,1,2,3,3,1,3,3,4,2,2,1,1,1,2,2,2
平岡＝秀夫,2,4,5,4,5,4,3,3,5,4,5,4,2,3,4,2,1,3,3,4,4,2,4,2,4,5,1,4,3,5,5,4,4,2
赤松＝義生,6,5,5,5,5,5,4,5,5,5,5,5,1,4,5,5,1,3,5,5,1,2,1,1,5,5,5,5,5,5,5,5,5,4
河村＝建夫,1,3,5,3,4,2,1,2,3,2,5,4,3,3,2,2,3,3,1,3,2,3,1,5,4,1,4,3,2,2,2,2,1,2
三浦＝昇,2,2,3,1,3,2,3,3,3,2,3,3,5,3,1,2,2,3,2,3,4,3,3,3,5,3,4,1,1,2,4,4,3,3
藤井＝岳志,6,5,5,5,5,3,3,5,5,5,5,5,1,3,3,5,5,3,3,3,1,3,5,1,5,5,1,5,5,5,5,5,5,4
安倍＝晋三,1,6,6,6,6,6,6,6,6,6,6,6,6,6,6,6,6,6,6,3,3,3,6,4,3,4,3,3,1,6,6,2,6,2
吉田＝貞好,6,5,5,4,5,5,6,6,5,5,5,5,1,6,5,5,1,1,4,4,1,2,5,1,5,4,6,5,5,5,5,5,5,4
後藤田＝正純,1,4,3,4,5,3,2,4,2,2,2,2,5,2,1,2,2,3,3,2,3,3,4,4,4,4,2,3,2,2,2,2,1,2
仁木＝博文,2,5,4,2,5,4,4,5,3,4,5,5,3,2,3,3,2,2,2,4,6,6,4,6,5,5,2,2,4,4,5,5,4,5
古田＝元則,6,5,5,5,5,5,1,1,5,5,5,5,1,3,5,5,1,3,5,5,1,3,4,1,5,5,2,4,5,5,5,5,5,4
山口＝俊一,1,3,4,3,3,4,1,2,3,2,5,2,2,2,3,2,4,2,3,2,2,3,2,4,4,2,3,1,3,2,2,2,4,2
久保＝孝之,6,5,5,5,5,5,2,2,5,5,5,5,1,3,5,5,1,4,5,5,1,3,4,1,5,5,3,4,5,5,5,5,5,4
平井＝卓也,1,2,2,2,2,3,2,2,3,2,1,3,5,3,3,1,4,3,2,2,2,3,3,5,4,2,4,3,1,2,2,2,2,2
小川＝淳也,2,3,4,3,5,4,4,3,2,3,3,3,3,3,3,2,3,3,3,3,3,3,3,3,4,4,2,2,2,4,4,4,4,2
河村＝整,6,5,5,5,5,5,2,3,5,5,5,5,1,3,5,5,1,2,5,5,1,3,5,1,5,5,3,5,5,5,5,5,5,4
瀬戸＝隆一,1,2,3,2,3,4,2,1,2,2,2,2,4,2,2,2,4,3,2,2,2,2,2,5,3,2,2,2,2,2,2,2,3,2
玉木＝雄一郎,2,2,5,3,5,3,3,5,3,2,2,3,5,3,3,3,3,3,3,3,3,3,3,3,4,5,1,3,5,3,5,4,4,2
佐伯＝守,6,5,5,5,5,5,2,4,5,5,5,5,5,3,5,5,1,2,4,5,5,2,5,1,5,5,2,5,5,5,5,5,5,4
大野＝敬太郎,1,1,3,1,3,3,3,2,3,2,3,2,5,3,2,1,3,2,1,2,4,3,3,4,3,3,2,2,1,1,1,2,2,2
土岐＝一郎,6,5,5,3,5,5,2,3,5,5,5,5,1,3,4,5,1,2,4,5,1,2,4,1,5,4,2,5,5,5,5,5,5,4
塩崎＝恭久,1,1,3,3,3,3,2,3,2,2,2,2,4,3,2,2,2,2,2,3,3,3,3,4,3,4,2,2,2,1,1,2,1,2
永江＝孝子,2,2,3,3,4,5,4,4,3,4,4,5,3,3,2,3,3,2,2,4,3,3,3,3,5,4,2,2,4,5,5,4,4,2
田中＝克彦,6,4,5,4,5,5,2,2,5,5,5,5,1,3,5,5,1,2,5,4,1,3,5,1,5,3,1,5,5,5,5,5,5,4
村上＝誠一郎,1,3,3,3,3,3,3,4,2,4,4,4,5,3,2,3,3,3,2,3,2,3,2,3,3,5,1,3,3,4,5,4,2,1
横山＝博幸,3,4,4,4,3,2,3,4,5,1,3,2,5,4,1,4,4,4,4,2,1,4,1,2,4,4,2,4,1,2,2,5,5,4
植木＝正勝,6,5,5,5,5,5,3,3,5,5,5,5,1,5,5,5,3,3,5,5,1,3,5,1,5,5,1,5,5,5,5,5,5,4
白石＝徹,1,2,2,2,3,3,2,2,4,2,4,3,4,2,2,2,3,2,2,2,4,3,2,4,4,4,2,2,1,2,2,3,2,2
白石＝洋一,2,2,4,3,4,4,2,3,4,3,4,3,4,3,2,3,3,2,3,4,3,2,3,3,4,4,3,3,4,4,5,5,4,3
一色＝一正,6,5,5,5,5,5,3,4,5,5,5,5,1,1,5,5,1,1,5,5,1,1,5,1,5,5,1,5,6,5,5,5,5,4
山本＝公一,1,2,3,2,3,3,2,2,2,2,3,2,4,3,2,2,3,4,3,3,2,2,2,4,4,3,3,3,2,2,2,2,2,2
森＝夏枝,3,1,2,2,4,1,3,4,3,2,1,4,3,3,3,5,3,2,2,3,5,1,4,2,5,4,1,1,1,4,5,5,5,3
桜内＝文城,5,1,1,1,1,3,2,4,2,1,2,3,5,5,1,3,4,4,2,3,3,3,1,4,3,4,3,2,1,2,1,3,4,5
西井＝直人,6,5,5,5,5,5,1,3,5,5,5,5,1,2,3,5,1,5,5,4,2,2,5,1,5,4,1,5,5,5,5,5,5,4
中谷＝元,1,1,3,3,2,3,1,2,2,2,3,2,5,5,1,1,5,3,1,3,3,3,1,3,3,4,3,3,1,1,1,3,2,2
大石＝宗,2,2,3,3,2,3,3,4,1,4,2,4,4,3,3,2,4,3,2,3,4,3,4,3,5,5,2,3,2,3,4,4,4,2
春名＝直章,6,5,5,5,5,5,5,4,5,5,5,5,1,1,3,5,1,2,5,5,1,3,5,1,5,3,1,5,5,5,5,5,5,4
山本＝有二,1,2,2,3,3,4,3,2,2,3,2,3,4,2,2,2,3,3,1,2,2,3,3,3,2,3,3,2,1,2,2,2,1,2
武内＝則男,2,3,4,4,5,5,2,2,2,3,4,4,1,4,3,4,2,2,4,5,2,4,4,2,4,4,2,4,4,4,5,4,4,3
谷崎＝治之,6,5,5,5,5,5,1,2,5,5,5,4,2,4,5,5,5,1,5,4,1,1,4,1,5,4,2,4,5,5,5,5,5,4
山本＝剛正,2,2,3,3,4,3,2,4,3,2,2,4,2,2,2,2,3,2,3,3,3,3,4,4,4,4,1,2,2,3,4,4,4,2
井上＝貴博,1,1,3,3,2,3,2,2,3,1,2,2,5,3,1,1,4,3,2,2,3,2,1,4,3,4,3,3,1,1,2,2,2,3
比江嶋＝俊和,6,5,5,3,5,5,2,3,5,5,5,5,1,3,4,5,1,2,4,4,1,3,4,1,5,4,2,5,5,5,5,5,5,4
鬼木＝誠,1,1,3,3,2,3,1,2,1,3,3,2,5,3,1,1,5,3,2,3,3,3,2,4,3,5,3,4,1,1,1,3,2,5
稲富＝修二,2,2,2,2,3,5,4,4,5,3,4,4,4,4,1,2,4,2,2,4,4,2,3,3,5,4,1,4,3,5,5,4,4,5
倉元＝達朗,6,5,5,3,5,5,2,3,5,5,5,5,1,3,4,5,1,2,4,4,1,3,4,1,5,3,2,5,5,5,5,5,5,4
古賀＝篤,1,1,3,2,4,4,3,3,3,3,3,4,5,4,1,3,3,3,3,3,2,3,3,3,3,5,3,4,1,2,2,3,4,2
藤田＝一枝,2,4,5,3,5,3,3,3,3,3,5,5,1,3,3,4,1,1,4,4,3,3,5,2,5,3,1,5,5,5,5,5,5,2
川原＝康裕,6,5,5,3,5,5,2,3,5,5,5,5,1,3,4,5,1,2,4,4,1,2,4,1,4,3,2,5,5,5,5,5,5,4
宮内＝秀樹,1,2,5,3,4,3,2,2,3,2,2,2,5,3,1,1,3,2,2,2,2,4,2,5,4,3,2,3,1,2,2,2,3,2
河野＝正美,3,2,3,3,3,2,3,3,2,2,1,4,3,3,3,5,3,2,2,4,4,2,4,2,5,4,1,1,1,4,4,5,5,3
新留＝清隆,6,5,5,3,5,5,1,3,5,5,5,5,1,3,4,5,1,2,4,4,1,3,4,1,4,4,2,5,5,5,5,5,5,4
原田＝義昭,1,1,2,1,1,3,2,1,2,2,2,2,5,3,2,2,3,2,2,3,2,3,2,5,4,3,2,2,1,1,1,2,3,3
楠田＝大蔵,2,2,2,3,3,2,3,4,3,2,3,3,4,4,2,2,3,3,2,3,4,2,3,4,3,4,2,2,2,3,3,3,4,2
田中＝陽二,6,5,5,3,5,5,2,3,5,5,5,5,1,3,3,5,1,2,4,5,1,2,4,1,5,3,2,5,5,5,5,5,5,4
鳩山＝邦夫,1,2,2,2,1,3,1,1,3,2,1,3,5,2,1,2,3,2,1,2,2,3,2,3,4,3,3,3,1,2,1,4,3,3
金子＝睦美,6,5,5,3,5,5,2,3,5,5,5,5,1,3,4,5,1,2,4,4,1,3,4,1,5,3,2,5,5,5,5,5,5,4
藤丸＝敏,1,3,3,5,2,4,2,1,2,3,2,3,3,5,2,2,3,3,6,1,1,2,3,3,5,3,5,3,2,2,2,3,2,2
江口＝学,6,5,5,3,5,5,2,3,5,5,5,5,1,3,3,5,1,2,4,4,1,3,4,1,4,3,2,5,5,5,5,5,5,4
麻生＝太郎,1,1,1,3,3,2,1,1,1,2,2,2,5,2,2,1,3,3,1,1,4,5,3,5,3,1,5,5,1,1,1,2,1,1
河野＝祥子,6,5,5,3,5,5,2,3,5,5,5,5,1,3,4,5,1,2,4,4,1,3,4,1,4,3,2,5,5,5,5,5,6,4
三原＝朝彦,1,1,3,2,4,5,3,3,1,2,3,2,3,2,3,1,2,2,3,2,3,3,3,5,3,5,3,3,1,2,3,4,3,2
緒方＝林太郎,2,2,2,3,4,3,3,4,2,2,4,4,2,2,2,1,2,1,3,3,4,3,4,5,5,4,1,2,2,3,3,4,3,2
真島＝省三,6,5,5,3,5,5,2,3,5,5,5,5,1,3,4,5,1,2,4,4,1,3,4,1,5,3,2,5,5,5,5,5,5,4
城井＝崇,2,2,4,3,5,4,3,3,2,3,4,3,3,3,3,2,2,3,1,4,4,3,4,3,4,4,2,3,2,4,5,4,4,2
山本＝幸三,1,2,2,3,3,4,2,2,4,1,2,2,3,1,1,1,4,2,1,3,5,2,1,4,5,1,2,2,1,2,2,2,1,2
高瀬＝菜穂子,6,5,5,3,5,5,2,3,5,5,5,5,1,3,3,5,1,2,4,5,1,3,4,1,5,4,2,5,6,5,5,5,5,4
武田＝良太,1,1,2,2,1,3,1,1,2,2,2,3,5,3,1,1,4,3,1,2,1,2,2,4,3,3,2,2,1,2,1,2,2,2
山下＝登美子,6,5,5,3,5,5,1,3,5,5,5,5,1,3,4,5,1,2,4,4,1,2,4,1,5,3,2,5,5,5,5,5,5,4
岩田＝和親,1,1,3,3,3,3,1,2,2,2,2,3,5,5,1,2,5,3,1,3,3,3,1,4,3,4,3,3,1,1,1,4,2,2
原口＝一博,2,3,4,2,2,3,4,4,3,4,4,5,3,3,2,3,2,2,4,4,2,2,5,3,4,4,2,4,3,5,5,5,4,2
古賀＝誠,6,5,5,3,5,5,2,3,5,5,5,5,1,3,3,5,1,2,4,4,1,2,4,1,5,3,2,5,5,5,5,5,5,4
古川＝康,1,2,3,3,3,4,2,2,1,3,3,3,3,2,2,2,3,2,3,3,3,3,3,5,3,3,3,2,2,2,2,2,2,2
大串＝博志,2,2,4,3,5,4,3,3,3,4,4,4,2,3,3,3,2,2,3,3,3,3,3,3,4,5,2,4,3,5,5,5,5,5
御厨＝さとみ,6,5,5,3,5,5,2,3,5,5,5,5,1,3,4,5,1,2,4,4,1,3,4,1,5,3,2,5,6,5,5,5,5,4
冨岡＝勉,1,2,3,3,3,4,2,3,3,2,3,3,5,3,3,2,3,3,4,3,4,3,2,4,4,4,3,2,3,2,2,2,2,2
高木＝義明,2,1,5,2,5,5,2,3,2,2,2,5,3,2,2,2,2,2,4,4,3,2,4,4,5,5,2,4,3,5,5,5,5,3
中西＝敦信,6,5,5,5,5,5,3,4,5,5,5,5,1,3,5,5,1,2,4,5,1,3,5,1,4,5,1,4,5,5,5,5,5,4
加藤＝寛治,1,1,3,3,1,3,2,2,2,2,1,2,5,5,1,1,5,3,2,3,3,3,1,4,3,4,3,3,1,1,1,3,2,2
大久保＝潔重,2,3,2,2,4,4,3,4,3,2,2,4,2,2,2,3,2,2,4,4,4,2,3,3,4,3,3,4,2,4,4,4,4,4
矢崎＝勝己,6,5,5,5,5,5,3,3,5,5,5,5,1,5,5,5,1,1,5,5,1,1,4,1,5,5,1,5,5,5,5,5,5,4
谷川＝弥一,1,1,3,3,4,1,1,5,1,1,1,1,5,1,1,1,5,3,1,1,5,1,1,5,5,5,1,1,1,1,1,2,1,2
石丸＝完治,6,5,5,5,5,5,3,5,5,5,5,5,1,3,5,5,1,3,5,5,1,2,5,1,5,5,4,5,5,5,5,5,5,4
北村＝誠吾,1,1,3,3,3,3,1,2,2,2,1,3,5,5,1,1,5,3,1,3,3,3,1,4,3,4,3,3,1,1,1,4,2,2
宮島＝大典,2,2,2,1,2,4,3,4,3,2,2,4,3,3,2,2,4,3,2,4,3,2,4,3,4,4,1,3,2,4,4,4,4,3
石川＝悟,6,5,5,5,5,5,3,5,5,5,5,5,1,3,5,5,1,3,5,5,1,2,5,1,5,5,4,5,5,5,5,5,5,4
木原＝稔,1,1,3,3,1,3,3,3,3,3,3,1,5,3,1,1,5,3,3,3,3,3,1,3,3,3,3,3,1,1,1,3,2,2
松野＝頼久,3,2,2,2,4,2,3,4,2,2,1,4,3,4,4,5,2,2,1,2,5,2,4,2,5,4,1,1,1,4,5,5,5,3
高本＝征尚,6,5,5,3,5,5,2,3,5,5,5,5,1,3,3,5,1,2,4,4,1,2,4,1,5,4,2,5,5,5,5,5,5,4
広瀬＝由美,6,5,5,3,5,5,2,3,5,5,5,5,1,3,3,5,1,2,4,4,1,2,4,1,5,4,2,5,5,5,5,5,5,4
坂本＝哲志,1,2,2,1,5,2,2,2,2,3,4,2,3,3,2,2,4,3,2,3,2,2,3,5,4,4,1,4,1,2,3,2,3,1
芋生＝よしや,6,5,5,3,5,5,2,3,5,5,5,5,1,3,3,5,1,2,4,4,1,2,4,1,5,4,2,5,5,5,5,5,5,4
園田＝博之,5,2,5,3,5,2,2,4,2,2,2,3,4,2,3,2,3,3,2,2,2,3,2,5,4,4,2,2,1,2,2,2,2,2
井芹＝栄次,6,5,5,3,5,5,2,3,5,5,5,5,1,3,3,5,1,2,4,4,1,2,4,1,5,4,2,5,5,5,5,5,5,4
金子＝恭之,1,1,2,3,2,4,1,2,2,2,2,2,5,3,1,1,5,3,1,3,2,3,2,5,4,3,3,3,1,1,1,2,2,2
橋田＝芳昭,6,5,5,3,5,5,2,3,5,5,5,5,1,3,3,5,1,2,4,4,1,3,4,1,5,4,2,5,5,5,5,5,5,4
穴見＝陽一,1,1,3,3,1,3,1,1,1,2,3,1,5,4,1,1,5,1,2,1,1,1,4,3,5,3,2,3,1,1,2,4,4,3
吉良＝州司,2,1,1,3,4,2,4,5,1,1,3,3,3,2,2,2,3,3,1,2,5,3,3,4,3,5,4,2,1,2,2,4,3,1
山本＝茂,6,5,5,3,5,5,2,3,5,5,5,5,1,3,3,5,1,2,4,4,1,3,4,1,5,3,2,5,6,5,5,5,5,4
衛藤＝征士郎,1,1,2,3,1,3,1,1,1,1,4,2,5,3,1,2,3,2,2,2,2,2,2,3,3,4,2,3,1,2,1,2,2,2
山下＝魁,6,5,5,3,5,5,2,3,5,5,5,5,1,3,3,5,1,2,4,4,1,3,4,1,5,3,2,5,5,5,5,5,5,4
岩屋＝毅,1,2,3,3,4,5,3,4,4,1,1,3,4,2,2,1,4,3,3,3,4,3,2,4,3,4,5,2,2,1,1,4,2,2
浦野＝英樹,2,3,4,3,5,5,3,5,3,3,3,4,2,3,4,2,2,2,3,4,2,2,3,3,4,4,1,3,3,5,5,5,5,2
大塚＝光義,6,5,5,3,5,5,2,3,5,5,5,5,1,3,3,5,1,2,4,4,1,3,4,1,5,3,2,5,5,5,5,5,5,4
武井＝俊輔,1,2,2,2,2,4,2,1,1,2,1,3,4,2,2,1,4,3,3,4,2,3,4,4,4,2,2,4,2,2,2,3,2,2
外山＝斎,3,1,2,3,2,2,3,3,3,3,3,3,5,3,1,5,4,3,3,2,4,2,3,1,5,4,1,1,1,4,4,5,5,3
村尾＝英俊,2,4,3,3,4,4,3,4,2,3,4,3,3,4,3,3,1,2,3,4,3,3,5,3,4,4,1,3,4,5,5,4,4,2
松本＝隆,6,5,5,5,5,5,3,3,5,5,5,5,1,3,3,5,1,3,5,5,1,1,4,1,5,3,2,5,5,5,5,5,5,4
江藤＝拓,1,2,3,3,3,3,1,2,4,2,2,3,5,4,1,1,5,2,3,3,2,3,2,4,4,4,2,3,1,2,2,4,2,2
吉田＝貴行,6,5,5,5,5,5,1,2,5,5,5,5,1,4,5,5,1,1,3,5,1,2,5,1,5,5,1,5,5,5,5,5,5,4
来住＝一人,6,5,5,5,5,5,4,5,5,5,5,5,1,3,5,5,1,2,5,4,1,2,5,1,5,5,2,5,5,5,5,5,5,4
保岡＝興治,1,1,1,2,1,2,1,3,1,1,1,2,5,2,1,1,3,1,1,2,3,2,2,5,3,3,1,2,1,1,1,2,2,2
川内＝博史,2,5,5,5,5,5,3,5,3,4,5,5,2,3,5,3,3,3,3,4,2,2,3,3,5,5,5,5,5,5,5,5,5,5
山之内＝毅,3,2,3,3,2,3,3,4,3,2,1,3,4,3,1,4,4,3,3,3,3,3,2,3,3,4,2,2,1,3,3,4,4,5
山口＝広延,6,5,5,3,5,5,2,3,5,5,5,5,1,3,3,5,1,2,4,4,1,2,4,1,5,4,2,5,5,5,5,5,5,4
金子＝万寿夫,1,2,2,2,2,3,2,2,2,2,3,2,3,3,1,2,4,3,2,2,3,2,2,5,3,3,3,3,3,2,2,2,1,2
祝迫＝光治,6,5,5,3,5,5,2,3,5,5,5,5,1,3,3,5,1,2,4,4,1,2,4,1,5,4,2,5,5,5,5,5,5,4
宮路＝拓馬,1,2,3,3,3,4,2,2,3,2,2,3,4,4,3,1,4,3,2,3,3,3,3,4,4,4,3,2,1,2,1,2,3,2
山口＝陽規,6,5,5,4,5,5,2,3,5,5,5,5,1,3,3,5,1,2,4,4,1,2,4,1,5,4,2,5,5,5,5,5,5,4
小里＝泰弘,1,1,3,3,2,4,1,2,2,2,3,3,3,3,1,1,3,3,3,2,2,3,2,4,4,4,2,4,1,2,2,2,2,2
永田＝義人,6,5,5,4,5,5,2,3,5,5,5,5,1,3,4,5,1,2,4,4,1,2,4,1,4,4,2,5,5,5,5,5,5,4
森山＝裕,1,1,2,3,3,3,1,2,2,3,4,2,5,5,1,1,5,3,3,3,3,3,1,4,3,4,3,3,1,1,1,4,2,2
野口＝寛,6,5,5,4,5,5,2,3,5,5,5,5,1,3,3,5,1,2,4,4,1,2,4,1,5,4,2,5,5,5,5,5,5,4
下地＝幹郎,3,2,5,2,3,4,2,2,4,2,3,4,5,1,1,4,5,3,3,4,2,3,4,3,4,2,4,4,1,3,4,4,3,3
赤嶺＝政賢,6,5,5,3,5,5,2,3,5,5,5,5,1,3,4,5,1,2,4,4,1,2,4,1,4,4,2,5,5,5,5,5,5,4
比嘉＝奈津美,1,2,3,3,3,4,2,2,3,3,3,3,4,3,2,3,3,2,2,3,2,3,3,4,4,4,2,3,3,2,2,3,2,3
西銘＝恒三郎,1,1,4,3,3,3,2,3,3,3,2,3,4,2,2,2,3,2,3,3,2,3,3,3,3,4,2,2,2,2,2,2,2,2
清水＝誠一,1,1,1,2,1,5,1,1,3,3,3,2,5,3,1,1,5,2,1,3,1,3,2,3,1,4,3,3,1,1,1,2,2,2
渡辺＝孝一,1,1,3,3,3,3,1,2,2,2,1,3,5,5,1,1,5,3,3,3,3,3,1,3,3,4,3,3,3,1,1,4,2,2
東＝国幹,1,1,1,2,1,3,2,1,2,2,3,2,5,3,1,2,5,2,4,3,2,3,1,3,1,3,4,3,1,1,2,2,1,2
金沢＝知歌子,1,1,3,3,1,3,2,3,3,2,3,3,5,2,1,2,3,2,3,3,3,2,2,3,3,4,2,3,1,1,1,4,2,2
大竹＝智和,3,2,2,2,4,2,3,4,3,2,1,4,4,2,3,5,4,3,2,3,4,2,3,2,5,4,1,1,1,4,5,5,5,3
佐藤＝英道,4,3,5,3,4,4,1,2,3,2,3,4,2,2,3,3,2,2,3,3,3,2,4,3,3,4,3,3,3,2,2,2,2,2
武田＝久之,4,3,4,3,5,4,2,2,3,3,4,3,2,2,3,2,2,3,2,2,2,3,2,3,4,4,2,2,4,2,2,2,2,2
畠山＝和也,6,5,5,4,5,5,2,3,5,4,5,5,1,3,4,5,1,6,5,4,1,2,4,1,5,5,6,5,5,5,5,5,5,4
村上＝文人,1,1,3,3,2,3,1,2,2,2,1,3,5,5,1,1,5,3,3,3,3,3,1,4,3,4,3,3,1,1,1,4,2,2
吉田＝修,1,2,5,1,3,3,1,3,3,3,5,4,2,2,1,4,2,3,1,4,2,4,2,3,4,4,3,4,1,2,2,4,3,2
菅野＝佐智子,1,2,3,3,1,5,1,1,3,1,1,1,4,2,1,3,4,1,3,2,2,2,3,3,3,4,3,4,2,1,1,2,1,2
小林＝義明,2,3,3,2,4,4,2,3,2,3,4,2,2,2,2,4,3,2,2,4,3,2,2,2,4,4,2,4,2,4,4,3,3,1
井上＝義久,4,3,4,4,5,4,2,2,3,2,5,4,2,3,3,3,1,2,2,4,3,2,3,3,4,4,2,2,2,2,2,2,1,2
真山＝祐一,4,3,4,4,5,4,2,2,2,2,4,4,2,2,2,2,2,2,3,3,4,3,3,6,4,4,2,4,2,1,1,2,2,2
高橋＝千鶴子,6,5,5,3,5,5,2,3,5,5,5,5,1,3,4,5,1,2,3,4,1,3,4,1,4,3,2,5,5,5,5,5,5,4
岩渕＝友,6,5,5,5,5,5,3,4,5,5,5,5,1,3,3,5,1,1,5,5,1,2,5,1,5,5,1,5,5,5,5,5,5,4
下田＝彰一,1,1,3,3,1,3,2,2,2,3,3,3,5,3,1,1,5,3,2,3,3,3,1,4,3,4,3,3,1,1,1,3,2,2
佐藤＝明男,1,1,2,1,3,3,2,2,1,1,2,2,5,4,2,2,4,3,1,1,2,2,1,4,3,2,2,2,1,2,2,2,1,2
冨山＝ひで子,1,1,3,3,1,3,1,2,2,2,1,4,5,5,1,3,5,3,3,3,3,3,2,4,3,4,3,3,1,2,3,3,2,2
尾身＝朝子,1,1,3,3,3,3,1,2,2,2,3,2,5,5,1,1,1,3,3,3,3,3,4,4,4,4,3,3,1,1,1,4,2,2
並木＝正芳,3,2,3,2,4,2,3,3,2,3,2,4,3,2,2,3,4,3,3,2,3,2,2,3,3,4,2,2,1,3,4,4,2,3
岡本＝三成,4,3,5,3,5,5,2,2,3,2,3,4,2,2,3,2,3,2,2,3,4,3,3,3,5,3,2,2,2,2,2,2,2,2
輿水＝恵一,4,4,4,4,4,3,3,3,3,3,4,6,2,3,3,3,3,3,3,3,3,3,3,3,3,4,2,3,4,3,3,2,2,2
川浦＝伸一,4,4,5,2,5,5,2,3,2,2,3,5,2,2,3,2,3,3,2,3,3,4,4,3,4,2,2,2,4,2,2,2,2,2
石井＝啓一,4,3,3,3,5,4,6,2,3,2,4,3,1,2,2,3,1,2,2,3,3,3,4,3,5,4,2,2,2,1,1,4,4,2
梅村＝早江子,6,5,5,3,5,5,1,3,5,5,5,5,1,3,4,5,1,2,4,4,1,2,4,1,4,3,2,5,5,5,5,5,5,4
塩川＝鉄也,6,5,5,4,5,5,2,3,5,5,5,5,1,3,4,5,1,2,4,4,1,2,4,1,4,3,2,5,5,5,5,5,5,4
中谷＝真一,1,6,6,6,6,6,6,6,6,6,6,6,6,6,6,6,6,6,6,6,6,6,6,6,6,6,6,6,1,1,1,2,2,2
文月＝涼,1,1,3,2,1,4,2,1,3,2,2,3,5,4,1,2,5,2,3,2,3,3,3,5,3,2,4,3,1,1,1,2,1,2
金子＝真理子,1,1,3,3,2,3,1,2,2,2,1,3,5,5,1,1,5,3,3,3,3,3,1,4,3,4,3,3,1,1,1,4,2,2
出畑＝実,1,1,3,3,3,3,1,2,2,2,1,3,5,5,1,1,5,3,2,3,3,3,2,4,3,4,3,3,1,1,1,4,2,2
小林＝博次,1,1,3,3,2,3,1,2,2,2,1,3,5,5,1,1,5,3,1,3,3,3,1,4,3,4,2,3,1,1,1,4,2,2
前川＝忠夫,2,4,5,3,5,4,4,4,3,3,5,4,3,3,4,5,3,4,4,4,2,3,3,2,3,4,2,4,4,5,5,4,4,3
山口＝繁,2,3,3,2,3,1,3,4,1,3,4,2,3,3,2,3,3,2,1,3,2,2,2,3,2,4,3,2,3,4,4,2,3,2
井川＝泰雄,4,3,3,5,5,5,3,2,4,1,5,2,1,3,3,3,3,2,5,3,2,4,5,3,4,3,2,3,3,1,1,3,2,2
角田＝秀穂,4,3,5,2,5,4,3,3,1,2,5,4,1,2,4,2,1,2,3,4,3,4,3,4,4,3,2,3,2,3,2,2,2,2
富田＝茂之,4,2,5,2,5,3,3,3,1,2,5,4,1,2,4,2,1,2,3,4,2,4,3,4,4,3,2,3,2,3,2,2,2,2
古屋＝範子,4,3,5,3,5,5,2,2,3,2,4,4,1,2,2,2,1,2,2,3,3,2,5,3,5,4,2,4,2,1,1,2,2,2
川浪＝隆,4,2,5,4,5,4,4,3,3,2,5,4,1,1,3,4,1,1,2,5,4,2,3,2,4,4,2,3,2,3,2,3,2,2
志位＝和夫,6,5,5,5,5,5,1,3,5,5,5,5,1,3,3,5,1,2,4,5,1,3,4,1,5,4,2,5,5,6,6,6,6,5
岡崎＝裕,6,5,5,3,5,5,2,3,5,5,5,5,1,3,4,5,1,2,4,4,1,3,4,1,5,3,2,5,5,5,5,5,5,4
畑野＝君枝,6,5,5,3,5,5,1,3,5,5,5,5,1,3,4,5,1,2,4,4,1,3,4,1,5,3,2,5,5,5,5,5,5,4
赤枝＝恒雄,1,1,1,1,3,4,3,2,1,3,3,1,3,3,1,1,3,2,1,3,2,1,1,5,1,3,2,3,1,1,1,4,2,3
鈴木＝隼人,1,1,3,3,3,3,3,2,2,2,1,4,5,5,1,2,5,3,3,3,4,3,2,3,4,4,3,3,1,1,1,4,2,2
金森＝篤子,1,2,3,1,2,3,2,2,2,3,4,3,2,2,1,3,2,3,4,3,3,3,4,4,4,5,4,3,2,3,2,4,2,1
石田＝計夫,1,1,3,3,1,3,1,2,2,2,1,2,5,2,1,1,5,3,2,3,3,3,2,5,3,4,3,3,1,1,1,4,2,2
前川＝恵,1,1,3,3,1,3,1,2,2,2,1,2,5,2,1,1,5,3,2,3,3,3,2,5,3,4,3,3,1,1,1,4,2,2
福村＝隆,2,4,5,2,5,4,3,3,1,2,5,4,2,2,3,4,2,2,3,6,4,1,2,2,5,5,1,1,4,4,5,4,3,1
石毛＝鍈子,2,4,5,5,5,5,3,4,2,5,5,5,1,3,4,5,1,1,4,5,2,2,5,2,5,5,2,4,5,5,5,4,4,1
高木＝美智代,4,5,4,3,5,4,3,3,3,3,4,4,1,2,3,2,1,2,3,3,3,3,4,3,4,4,2,2,2,2,2,2,1,2
高木＝陽介,4,3,4,3,5,4,2,2,2,2,4,4,2,2,3,2,2,2,3,3,3,3,4,4,5,4,2,2,2,2,2,2,2,2
村中＝克也,4,2,5,4,5,4,4,3,2,2,4,3,1,2,2,3,2,3,3,4,2,2,4,3,4,4,2,4,4,2,2,2,2,2
荒神＝享佑,4,3,3,3,5,3,2,2,2,2,2,3,2,2,2,3,3,1,4,2,2,2,3,3,4,3,2,3,4,2,1,3,2,2
石原＝慎太郎,5,1,6,6,1,6,6,6,6,6,1,6,6,6,6,6,6,6,6,6,6,6,6,6,6,6,6,6,1,6,1,6,6,5
笠井＝亮,6,5,5,3,5,5,2,3,5,5,5,5,1,3,3,5,1,2,4,4,1,2,4,1,4,3,2,5,5,5,5,5,5,4
坂井＝和歌子,6,5,5,3,5,5,2,3,5,5,5,5,1,3,3,5,1,2,4,4,1,2,4,1,4,3,2,5,5,5,5,5,5,4
宮本＝徹,6,5,5,3,5,5,2,3,5,5,5,5,1,3,3,5,1,2,4,4,1,2,4,1,4,3,2,5,5,5,5,5,5,4
山本＝拓,1,3,3,3,3,3,3,3,3,2,2,3,4,3,3,2,3,3,3,3,3,3,3,5,2,3,2,2,1,2,2,2,2,2
助田＝重義,1,1,3,3,1,3,1,2,2,2,1,1,5,5,1,1,5,3,2,3,3,3,1,4,3,4,4,3,1,1,1,4,2,2
中森＝福代,1,1,3,3,2,3,2,3,2,4,4,3,5,4,1,2,4,3,2,3,2,3,2,4,2,4,3,4,1,2,2,3,2,1
村田＝正示,2,2,3,2,4,6,2,2,4,2,4,3,2,2,1,4,3,2,4,4,2,2,2,2,4,4,3,2,4,4,4,4,3,4
近江屋＝信広,3,2,2,3,3,2,4,2,2,1,1,2,4,3,1,3,4,2,2,3,4,2,2,4,3,4,3,2,1,2,2,4,2,3
漆原＝良夫,4,3,4,2,5,4,1,1,3,3,3,5,1,3,1,2,1,3,3,3,2,3,3,3,4,3,3,3,2,1,2,4,2,2
藤野＝保史,6,5,5,4,5,5,4,3,5,5,5,4,1,4,3,5,1,2,5,5,1,3,5,1,5,4,2,5,5,5,5,5,5,4
桜井＝宏,1,1,1,2,1,3,1,1,2,1,2,2,4,4,1,1,5,2,1,3,2,3,1,5,1,3,4,1,1,1,1,2,2,2
速水＝桂二,1,1,3,3,2,3,1,2,2,2,1,2,5,5,1,1,5,3,2,3,3,3,1,4,3,4,3,3,1,1,1,4,2,2
浅田＝恵理,1,1,3,3,3,3,1,2,2,2,1,3,5,5,1,1,2,2,3,3,3,3,4,4,3,4,3,3,1,1,1,4,2,2
中根＝康浩,2,2,2,2,4,5,4,4,3,1,5,4,2,3,2,3,2,3,2,4,4,4,4,4,5,5,1,1,4,4,5,5,4,3
伊藤＝渉,4,3,4,2,5,4,2,2,2,2,4,3,2,2,2,4,2,3,2,4,2,2,4,3,3,3,2,2,4,2,2,3,4,2
大口＝善徳,4,3,3,2,5,4,3,2,2,2,4,4,2,2,2,2,2,3,2,3,4,3,3,3,5,4,1,2,1,1,1,2,2,2
柳瀬＝進一,4,3,4,2,5,3,2,2,2,2,4,3,2,3,2,4,2,3,3,4,2,2,4,3,3,3,2,2,4,2,2,3,4,2
五十嵐＝雅之,4,3,4,2,5,3,2,2,2,2,4,3,2,3,3,4,3,3,3,4,2,2,2,3,3,3,3,2,4,2,2,3,2,2
中川＝康洋,4,3,4,3,5,3,2,2,2,2,4,3,1,2,2,3,2,3,3,4,2,2,3,3,4,3,3,2,4,2,2,2,3,2
深尾＝浩紹,5,1,2,2,2,2,2,3,3,2,2,4,5,2,1,2,2,2,2,2,4,3,2,4,3,4,2,1,1,2,2,4,4,4
藤井＝孝男,5,1,1,1,1,3,2,4,2,1,2,3,5,5,1,3,4,4,2,3,3,3,1,4,3,4,3,2,1,2,1,3,4,2
島津＝幸広,6,5,5,4,5,5,2,3,5,5,5,5,1,3,4,5,1,2,4,4,1,2,4,1,4,3,2,5,5,5,5,5,5,4
本村＝伸子,6,5,5,4,5,5,2,3,5,5,5,5,1,3,4,5,1,2,4,4,1,2,4,1,5,3,2,5,5,5,5,5,5,4
清水＝克実,1,2,2,3,3,4,2,3,2,3,5,2,3,5,2,1,3,2,2,3,1,1,3,5,4,4,2,3,1,2,2,3,3,4
近藤＝三津枝,1,2,3,3,3,4,3,2,2,2,3,3,5,3,3,2,3,3,3,3,4,3,3,3,3,3,3,2,1,2,2,2,2,2
湯峯＝理之,1,1,2,2,2,3,2,2,3,2,2,3,4,3,2,2,3,2,1,2,2,3,2,4,3,3,2,2,2,2,2,3,2,2
高栖＝留美子,1,1,3,3,2,3,1,2,2,2,1,2,5,5,1,1,5,6,3,3,3,3,3,4,3,4,3,3,1,1,1,4,2,2
真鍋＝麻未,1,1,3,3,2,3,1,2,2,2,1,3,5,5,1,1,5,3,1,3,3,3,1,4,3,4,2,3,1,1,1,4,2,2
伊東＝賢一郎,1,1,2,2,1,3,2,2,2,1,2,2,5,5,1,1,5,4,2,2,2,4,2,5,2,2,4,2,1,1,1,2,1,2
坂本＝剛二,1,2,2,2,2,3,3,2,3,2,4,3,3,4,1,2,4,3,1,2,4,3,2,5,3,4,3,2,1,1,1,3,2,2
小沢＝鋭仁,3,2,2,2,3,4,2,3,3,3,1,3,1,2,1,5,4,2,3,4,3,2,2,2,4,4,2,1,1,2,2,5,5,4
浮島＝智子,4,3,3,3,5,4,2,2,2,2,4,3,2,2,4,2,1,1,4,2,4,2,4,4,4,4,2,2,6,2,6,2,1,2
竹内＝譲,4,3,5,3,5,3,2,2,3,4,5,4,2,3,4,3,2,3,2,3,3,3,3,3,3,4,2,3,4,2,2,3,4,2
浜村＝進,4,3,3,2,5,4,2,3,3,2,4,4,2,5,4,1,2,4,4,2,3,3,5,3,4,4,2,2,1,1,1,3,2,2
樋口＝尚也,4,3,5,3,5,4,2,2,2,2,2,3,1,2,3,2,2,3,3,2,4,3,4,4,3,3,2,3,2,1,1,2,2,2
高橋＝雅也,4,3,2,4,5,5,2,2,2,3,3,4,2,2,2,2,2,2,2,3,2,3,3,3,5,3,3,3,3,2,1,3,2,2
田丸＝義高,4,2,5,2,5,3,2,2,3,2,4,3,2,2,3,3,2,2,3,2,4,2,2,3,4,4,2,2,3,2,2,2,2,2
田中＝博之,4,3,5,3,5,4,3,3,3,2,5,4,1,3,4,3,2,2,2,3,3,2,5,3,5,4,2,2,2,2,2,3,2,2
坪田＝五久男,6,5,5,3,5,5,2,3,5,5,5,5,1,3,3,5,1,2,4,4,1,2,4,1,5,4,2,5,5,5,5,5,5,4
堀内＝照文,6,5,5,4,5,5,2,3,5,5,5,5,1,3,2,5,1,1,5,5,1,2,4,1,5,4,1,5,5,5,5,5,5,4
宮本＝岳志,6,5,5,3,5,5,2,3,5,5,5,5,1,3,6,5,1,2,4,4,1,3,4,1,4,4,2,5,5,5,5,5,5,4
池田＝道孝,1,1,2,4,4,4,1,3,2,2,2,4,4,2,2,1,3,4,2,4,2,4,1,5,4,4,2,2,1,2,2,3,2,2
新谷＝正義,1,1,3,3,1,3,2,3,3,2,1,3,5,3,1,1,5,3,3,3,3,3,1,5,4,3,2,2,1,1,1,2,1,2
木村＝光寿,1,1,3,3,1,3,2,2,3,2,1,2,3,3,1,1,5,2,1,3,2,3,1,5,4,3,2,3,1,1,1,2,1,2
古賀＝直子,1,2,2,3,3,4,3,2,2,2,2,2,4,2,2,2,3,3,6,6,6,6,3,3,3,4,1,2,1,1,1,2,2,2
古田＝圭一,1,2,2,2,3,3,2,2,2,2,3,2,3,3,2,2,3,3,3,3,3,2,2,3,3,3,3,3,1,2,2,3,2,2
笹尾＝憲司,1,2,3,3,2,3,2,2,2,1,4,2,5,4,2,1,5,2,1,2,5,3,1,5,2,1,4,2,1,1,1,2,1,2
炭村＝信義,2,3,5,3,5,4,3,4,3,5,5,4,1,2,3,4,2,3,4,5,3,1,3,2,5,4,4,3,4,4,5,3,3,3
斉藤＝鉄夫,4,2,4,3,5,4,2,3,3,3,4,3,2,2,2,2,2,3,2,2,3,3,2,4,4,4,2,4,2,2,6,2,2,2
日下＝正喜,4,4,4,3,5,4,2,2,3,3,3,3,1,2,2,3,2,2,3,2,3,2,2,2,4,4,3,3,2,2,6,3,2,2
矢引＝亮介,6,5,5,5,5,5,3,4,5,5,5,5,1,3,4,5,1,1,4,5,2,1,5,1,5,5,1,5,5,5,5,5,5,4
大平＝喜信,6,5,5,5,5,5,3,4,5,5,5,5,1,3,4,5,1,1,4,5,2,1,5,1,5,5,1,5,5,5,5,5,5,4
福井＝照,1,6,6,6,6,6,6,6,6,6,6,6,6,6,6,6,6,6,6,6,6,6,6,6,6,6,6,6,6,6,6,6,6,5
福山＝守,1,1,3,4,3,2,2,3,2,1,2,2,5,2,1,2,3,2,2,2,4,3,5,5,5,4,4,4,2,2,1,2,2,2
湯浅＝満,1,1,2,2,2,3,2,2,3,3,3,3,5,4,2,1,5,3,2,3,2,3,2,3,3,3,4,2,1,2,1,2,2,2
都築＝旦,2,5,5,4,5,3,4,4,3,4,5,5,2,3,4,5,2,3,4,5,3,3,4,1,5,5,1,5,5,5,5,3,3,3
石田＝祝稔,4,3,5,3,5,4,1,2,3,3,4,3,3,2,3,2,3,1,2,4,2,3,3,3,4,4,2,4,2,1,1,3,2,2
中野＝英雄,4,2,3,2,4,3,3,3,2,3,4,3,3,3,3,2,3,3,2,3,2,3,3,4,3,4,3,3,2,2,2,2,2,2
浜川＝百合子,6,5,5,5,5,5,3,5,5,5,5,5,1,3,5,5,1,2,5,5,1,2,4,1,5,3,4,4,5,5,5,5,5,4
上杉＝光弘,1,1,2,2,2,2,1,1,3,1,2,1,2,2,1,2,5,2,1,1,1,2,1,5,5,2,1,1,1,2,2,3,2,3
今村＝雅弘,1,2,2,2,1,2,2,2,2,3,4,2,5,4,1,1,4,2,2,2,2,2,1,4,4,4,2,2,1,1,1,2,2,2
末吉＝光徳,1,1,3,3,5,3,1,2,2,3,3,3,5,4,1,3,3,3,5,3,3,3,1,3,3,3,3,3,3,1,1,4,2,3
西川＝京子,1,1,2,2,1,3,2,1,1,2,2,2,5,4,1,1,5,3,2,2,2,2,2,5,4,2,4,2,1,1,1,2,2,2
林田＝彪,1,2,2,2,1,5,1,1,2,2,3,3,5,3,1,1,4,4,1,1,2,4,3,5,3,2,3,4,1,1,1,2,2,3
湯川＝一行,1,2,3,3,2,3,1,2,2,2,2,3,4,4,1,1,4,3,4,3,3,3,2,4,3,4,3,3,1,2,2,4,2,2
泉＝幸親,1,3,3,3,2,2,2,3,2,2,4,4,2,2,2,2,2,2,3,2,4,3,2,3,4,4,2,2,1,2,2,2,2,2
安藤＝幽明,2,3,4,6,3,3,3,4,4,4,4,4,4,3,2,6,4,3,2,4,3,2,2,3,3,4,3,3,3,4,4,4,4,4
鈴木＝望,3,3,3,1,5,3,4,4,2,2,2,3,2,1,3,5,5,3,2,3,5,2,3,2,2,4,1,1,3,4,5,4,3,3
江田＝康幸,4,3,4,2,5,4,2,3,4,2,3,3,2,2,3,2,2,2,2,3,3,3,3,3,3,4,1,2,2,2,2,2,2,2
窪田＝哲也,4,4,5,3,5,4,2,2,2,2,4,5,1,1,3,2,2,2,2,3,2,3,4,3,3,2,3,2,2,2,1,2,2,2
遠山＝清彦,4,3,3,4,5,3,2,2,3,2,1,4,1,1,3,3,1,2,4,3,2,2,5,3,4,2,2,3,2,1,1,2,2,2
浜地＝雅一,4,2,4,4,4,3,2,2,2,3,4,3,2,2,4,3,2,2,3,3,3,2,4,3,4,4,2,3,3,2,1,3,2,2
吉田＝宣弘,4,2,5,3,5,5,2,2,2,2,4,2,2,2,2,3,2,2,3,3,3,1,2,3,3,3,1,3,2,2,2,3,2,2
中山＝英一,4,3,5,4,5,3,2,4,2,2,4,3,1,2,2,2,3,2,2,3,2,3,4,2,4,4,2,2,1,2,3,4,2,2
頭山＝晋太郎,5,1,3,2,1,4,2,2,4,3,3,2,5,3,1,2,5,3,4,3,3,4,1,5,2,4,5,2,1,1,1,3,4,5
中山＝成彬,5,1,2,2,1,2,1,3,2,2,5,2,5,5,1,1,5,3,2,3,1,3,3,5,2,4,3,4,1,1,1,4,3,3
伊勢田＝良子,6,5,5,3,5,5,2,3,5,5,5,5,1,3,4,5,1,2,5,4,1,2,4,1,5,4,2,5,5,5,5,5,5,4
田村＝貴昭,6,5,5,3,5,5,2,3,5,5,5,5,1,3,3,5,1,2,4,4,1,2,4,1,4,3,2,5,5,5,5,5,5,4
伊礼＝一美,6,5,5,3,5,5,2,3,5,5,5,5,1,3,4,5,1,2,4,4,1,2,4,1,4,4,2,5,5,5,5,5,5,4